食物名称,分量,能量(千卡),蛋白质(克),碳水化合物(克),脂肪(克),膳食纤维(克),糖(克),饱和脂肪(克),反式脂肪(克),胆固醇(毫克),钠,维他命 C,维生素C（毫克）,钙
Luffa,100克,20,1.2,4.36,0.2,NA,NA,0.016,NA,0,3,12,1.2,8
"Luffa(Cooked, drained, no added salt)",100克,56,0.66,14.34,0.34,NA,NA,0.027,NA,0,21,5.7,9.8,47
"Luffa(Cook, drain, add salt)",100克,54,0.66,13.75,0.34,NA,NA,0.027,NA,0,257,5.7,11.1,41
Yuner(Dry),100克,284,9.25,73.01,0.73,70.1,NA,NA,NA,0,35,7.7,10.7,31
Bergamot,100克,19,0.82,4.51,0.13,1.7,1.66,0.028,NA,0,2,8,12.8,17
"Bergamot(Cooked, drained, no added salt)",100克,24,0.62,5.09,0.48,2.8,NA,0.086,NA,0,1,8,10.4,31
"Bergamot(Cook, drain, add salt)",100克,22,0.62,4.5,0.48,2.8,NA,0.086,NA,0,237,12.3,13.6,40
Winter pumpkin,100克,34,0.95,8.59,0.13,1.5,2.2,0.027,NA,0,4,9.6,7.7,21
Winter pumpkin(Baked without salt),100克,37,0.89,8.85,0.35,2.8,3.3,0.072,NA,0,1,9.6,16,10
"Winter pumpkin(Bake well, add salt)",100克,39,0.89,8.74,0.63,2.8,3.3,0.13,NA,0,237,13,15.6,31
Winter melon,100克,13,0.4,3,0.2,2.9,NA,0.016,NA,0,111,10.5,18.1,22
"Winter melon(Cooked, drained, no added salt)",100克,14,0.4,3.04,0.2,1,1.18,0.016,NA,0,107,10.5,12.5,22
"Winter melon(Cook, drain, add salt)",100克,11,0.4,2.45,0.2,1,1.18,0.016,NA,0,343,9,5.6,27
Hungarian chili,100克,29,0.8,6.68,0.41,NA,NA,0.046,NA,0,1,4.7,3.2,41
Southern European artichoke,100克,17,0.7,4.07,0.1,1.6,NA,0.011,NA,0,170,4.7,6,7
"Southern European artichoke(Cooked, drained, no added salt)",100克,22,0.76,5.33,0.11,1.7,NA,0.012,NA,0,176,4.2,11.9,46
"Southern European artichoke(Cook, drain, add salt)",100克,20,0.76,4.74,0.11,1.7,NA,0.012,NA,0,412,4.2,2.2,5
Pumpkin,100克,26,1,6.5,0.1,0.5,1.36,0.052,NA,0,1,18,11.6,22
"Pumpkin(Cooked, drained, no added salt)",100克,20,0.72,4.9,0.07,1.1,1.02,0.037,NA,0,1,10.8,16.9,21
"Pumpkin(Cook, drain, add salt)",100克,20,0.72,4.9,0.07,1.1,1.02,0.037,NA,0,237,10.8,3.9,23
Pumpkin(Canned without added salt),100克,34,1.1,8.09,0.28,2.9,3.3,0.146,NA,0,5,11,13.3,13
"Pumpkin(Can, add salt)",100克,34,1.1,8.09,0.28,2.9,3.3,0.146,NA,0,241,6.5,1,10
Pumpkin leaves,100克,19,3.15,2.33,0.4,NA,NA,0.207,NA,0,11,6.5,11.1,39
"Pumpkin leaves(Cooked, drained, no added salt)",100克,21,2.72,3.39,0.22,2.7,0.69,0.114,NA,0,8,10.8,9.1,33
"Pumpkin leaves(Cook, drain, add salt)",100克,21,2.72,3.39,0.22,2.7,0.69,0.114,NA,0,244,10.8,18.7,47
Pumpkin flower,100克,15,1.03,3.28,0.07,NA,NA,0.036,NA,0,5,21,17,3
"Pumpkin flower(Cooked, drained, no added salt)",100克,15,1.09,3.3,0.08,0.9,2.4,0.041,NA,0,6,15.1,17.4,15
Lettuce,100克,14,0.9,2.97,0.14,1.2,1.97,0.018,NA,0,10,15.1,7.1,38
"Harvard Red Vegetables(Can, liquids)",100克,73,0.84,18.18,0.06,2.5,NA,0.009,NA,0,162,6.2,11.8,3
Quadrangular bean leaf,100克,74,5.85,14.1,1.1,NA,NA,0.272,NA,0,9,3.5,12.9,11
Quadrangular bean tuber,100克,148,11.6,28.1,0.9,NA,NA,0.222,NA,0,35,3.5,1.6,39
Mexican Halabenu Pepper,100克,30,1.35,5.9,0.62,2.8,3.46,0.062,NA,0,1,10.1,19.9,7
"Mexican Halabenu Pepper(Can, liquids)",100克,27,0.92,4.74,0.94,2.6,2.14,0.097,NA,0,1671,8.5,5,45
Mexican Zelano chili,100克,32,1.74,6.7,0.44,3.7,3.83,0.059,NA,0,10,8.5,6.6,28
Cabbage,100克,16,1.2,3.23,0.2,1.2,1.41,0.043,NA,0,9,11,11.5,23
"Cabbage(Cooked, drained, no added salt)",100克,14,1.5,2.41,0.17,1.7,NA,0.036,NA,0,9,6.5,5.5,8
"Cabbage(Cook, drain, add salt)",100克,14,1.5,2.41,0.17,1.7,NA,0.036,NA,0,245,6.5,17.7,3
Herba Euphorbiae Humifusae,100克,27,1.28,6.73,0.04,NA,NA,NA,NA,0,15,9.5,12,25
"Herba Euphorbiae Humifusae(Steamed, no added salt)",100克,22,1.14,5.23,0.05,NA,NA,NA,NA,0,11,9.5,0.5,27
"Herba Euphorbiae Humifusae(Steam well, add salt)",100克,21,1.14,5.1,0.05,NA,NA,NA,NA,0,247,17.9,1.3,16
Big dish,100克,26,0.54,6.75,0.03,0.5,0.28,0.006,NA,0,9,12.9,19,42
Big dish(Dry),100克,306,6.21,80.88,0.3,7.7,2.97,0.061,NA,0,102,12.9,11,42
Soybean sprout,100克,122,13.09,9.57,6.7,1.1,NA,0.929,NA,0,14,5.3,14.4,46
Soybean sprout(Fried),100克,125,13.1,9.4,7.1,0.8,NA,0.985,NA,0,14,3.7,6.8,31
Soybean sprout(Stir-fry and add salt),100克,125,13.1,9.4,7.1,0.8,NA,NA,NA,0,250,3.7,14.4,4
Soybean sprout(Steamed),100克,81,8.47,6.53,4.45,0.8,0.52,0.617,NA,0,10,17,4.5,43
"Soybean sprout(Steam well, add salt)",100克,81,8.47,6.53,4.45,0.8,0.43,0.617,NA,0,246,5.5,13.5,47
Ginger,100克,80,1.82,17.77,0.75,2,1.7,0.203,NA,0,13,5.5,1,50
Brahmin,100克,82,3.3,18.6,0.2,3.3,NA,NA,NA,0,20,34.1,10.2,37
"Brahmin(Cooked, drained, no added salt)",100克,68,2.73,15.36,0.17,3.1,2.9,0.041,NA,0,16,3.2,13,43
"Brahmin(Cook, drain, add salt)",100克,68,2.73,15.36,0.17,3.1,2.9,NA,NA,0,252,2.8,5.8,31
Anqiu chili(Dry),100克,281,11.86,51.41,8.2,21.6,NA,0.82,NA,0,43,2.1,18.9,30
Lentil sprout,100克,106,8.96,22.14,0.55,NA,NA,0.057,NA,0,11,3.5,10.7,47
"Lentil sprout(Stir-fried, no added salt)",100克,101,8.8,21.25,0.45,NA,NA,0.053,NA,0,10,5,19.1,21
Lentil sprout(Stir-fry and add salt),100克,101,8.8,21.25,0.45,NA,NA,0.053,NA,0,246,8,9.3,50
Kobayashi,100克,22,2.2,3.9,0.3,2.8,NA,0.015,NA,0,21,18,19.2,31
"Kobayashi(Cooked, drained, no added salt)",100克,16,1.7,2.8,0.2,2,NA,NA,NA,0,14,8,1.4,45
"Kobayashi(Cook, drain, add salt)",100克,16,1.7,2.8,0.2,2,NA,NA,NA,0,250,7,1.6,19
Cabbage,100克,13,1.5,2.18,0.2,1,1.18,0.027,NA,0,65,7,11.1,40
"Cabbage(Cooked, drained, no added salt)",100克,12,1.56,1.78,0.16,1,0.83,0.021,NA,0,34,NA,14.3,32
"Cabbage(Cook, drain, add salt)",100克,12,1.56,1.78,0.16,1,0.83,0.021,NA,0,270,39,9.3,23
Yam,100克,118,1.53,27.88,0.17,4.1,0.5,0.037,NA,0,9,56,8,44
"Yam(Cooked, drained or baked without added salt)",100克,116,1.49,27.48,0.14,3.9,0.49,0.029,NA,0,8,29,4.3,46
"Yam(Cook, drain or bake well, add salt)",100克,114,1.49,26.99,0.14,3.9,0.49,0.029,NA,0,244,11,14.1,26
Anemone,100克,109,4.8,23.54,0.63,7.8,NA,NA,NA,0,17,NA,4.1,36
Potato(Hawaiian variety),100克,67,1.34,16.31,0.1,NA,NA,0.022,NA,0,13,4,5.1,10
"Potato(Hawaiian breed, steamed, no added salt)",100克,82,1.73,20,0.08,NA,NA,0.018,NA,0,12,6,12.3,28
"Potato(Hawaiian variety, steamed, salt added)",100克,82,1.73,19.99,0.08,NA,NA,0.018,NA,0,248,NA,6.1,29
Brazilian chili(Dry),100克,345,12.35,51.13,15.85,26.8,NA,NA,NA,0,89,9,10.7,20
Italian mustard,100克,22,3.17,2.85,0.49,2.7,0.38,0.05,NA,NA,33,5,3.5,10
Italian mustard(Ripe),100克,33,3.83,3.12,0.52,2.8,0.62,0.057,NA,NA,56,5,1.9,18
Sister,100克,99,5.33,20.23,0.29,NA,NA,NA,NA,0,22,24,9.6,18
"Sister(Cooked, drained, no added salt)",100克,78,4.49,16.14,0.1,NA,NA,NA,NA,0,18,71,11.9,31
"Sister(Cook, drain, add salt)",100克,78,4.49,16.14,0.1,NA,NA,NA,NA,0,254,120,6.1,11
Squash,100克,18,1.2,3.84,0.2,NA,NA,0.041,NA,0,1,58,19.5,6
"Squash(Cooked, drained, no added salt)",100克,16,1.03,3.3,0.17,1.9,1.5,0.035,NA,0,1,8,20,17
"Squash(Cook, drain, add salt)",100克,16,1.03,3.3,0.17,1.9,1.5,0.035,NA,0,237,10,6.9,16
Kale,100克,43,3.38,8.95,0.3,3.8,2.2,0.062,NA,0,25,12,18.2,3
"Kale(Cooked, drained, no added salt)",100克,36,2.55,7.1,0.5,2.6,1.74,0.102,NA,0,21,10,2.2,25
"Kale(Cook, drain, add salt)",100克,36,2.55,7.1,0.5,2.6,1.74,0.102,NA,0,257,12,19.2,42
"Kale(Snow hiding, untreated)",100克,41,3.78,7.86,0.41,3.8,NA,0.084,NA,0,10,8,3.1,20
"Kale(Snow covered, cooked, drained, no added salt)",100克,42,3.64,8.32,0.39,4.1,2.08,0.081,NA,0,15,7,12.4,8
"Kale(Snowed, cooked, drained, added salt)",100克,42,3.64,8.32,0.39,4.1,2.08,0.081,NA,0,259,8,4.1,19
Cotyledons,100克,93,5.6,17.31,2.12,11,6.3,0.336,NA,0,9,22,3.7,23
Cotyledons(Canned),100克,69,4.27,11.71,1.97,NA,NA,0.312,NA,0,2853,27,7.8,30
Brassica chinensis,100克,50,3.3,10.01,0.7,2,NA,0.091,NA,0,43,22,19.1,30
"Brassica chinensis(Cooked, drained, no added salt)",100克,28,1.9,5.63,0.4,2,1.25,0.052,NA,0,23,69,9,18
"Brassica chinensis(Cook, drain, add salt)",100克,28,1.9,5.63,0.4,2,1.25,0.052,NA,0,259,50,11.2,21
"Brassica chinensis(Snow hiding, untreated)",100克,28,2.66,4.9,0.46,2,NA,0.059,NA,0,15,17,18.1,22
"Brassica chinensis(Snow covered, cooked, drained, no added salt)",100克,30,2.84,5.23,0.49,2,1.34,0.063,NA,0,15,17,2.8,24
"Brassica chinensis(Snowed, cooked, drained, added salt)",100克,30,2.84,5.23,0.49,2,1.34,0.063,NA,0,251,26,7.5,29
Bean sprout,100克,62,5.25,11.6,0.9,NA,NA,0.109,NA,0,153,23,3.4,27
"Bean sprout(Cooked, drained, no added salt)",100克,22,1.86,4.1,0.32,NA,NA,0.039,NA,0,51,8,1.7,49
"Bean sprout(Cook, drain, add salt)",100克,20,1.86,3.5,0.32,NA,NA,0.039,NA,0,287,7,8.5,39
Japanese pickled broccoli(Fresh),100克,30,1.6,5.67,0.1,3.1,1.3,0.013,NA,0,277,13,12.5,15
Herba Ardisiae Japonicae,100克,47,3.27,10.51,0.15,5.4,0.99,0.036,NA,0,94,30,6.7,38
"Herba Ardisiae Japonicae(Cooked, drained, no added salt)",100克,53,2.89,11.95,0.34,8.6,0.99,0.081,NA,0,60,29,17.3,38
"Herba Ardisiae Japonicae(Cook, drain, add salt)",100克,53,2.89,11.95,0.34,8.6,0.99,0.081,NA,0,60,,10.1,13
"Herba Ardisiae Japonicae(Snow hiding, untreated)",100克,38,2.63,7.76,0.43,3.9,NA,0.099,NA,0,47,,1.4,3
"Herba Ardisiae Japonicae(Snow covered, cooked, drained, no added salt)",100克,45,3.11,9.18,0.5,4.6,0.84,0.119,NA,0,53,,2.8,33
"Herba Ardisiae Japonicae(Snowed, cooked, drained, added salt)",100克,45,3.11,9.18,0.5,4.6,0.84,0.119,NA,0,289,,10.1,41
Auricularia,100克,25,0.48,6.75,0.04,NA,NA,NA,NA,0,9,,19.6,36
Auricularia(Dry),100克,298,4.82,81.03,0.44,NA,NA,NA,NA,0,70,,1.7,26
Cassava,100克,160,1.36,38.06,0.28,1.8,1.7,0.074,NA,0,14,,5.3,42
Tapioca circle(Dry),100克,358,0.19,88.69,0.02,0.9,3.35,0.005,NA,0,1,,7,19
"Miscellaneous vegetables(Canned, drained)",100克,49,2.59,9.26,0.25,3,2.41,0.051,NA,0,149,,11.3,21
"Miscellaneous vegetables(Can, liquids)",100克,36,1.42,7.13,0.25,3.8,NA,0.051,NA,0,224,,8.5,9
"Miscellaneous vegetables(Snow hiding, untreated)",100克,64,3.33,13.46,0.52,4,NA,0.098,NA,0,47,,5.1,23
"Miscellaneous vegetables(Snow covered, cooked, drained, no added salt)",100克,65,2.86,13.09,0.15,4.4,3.12,0.031,NA,0,35,,19.1,31
"Miscellaneous vegetables(Snowed, cooked, drained, added salt)",100克,60,2.86,13.09,0.15,4.4,3.12,0.031,NA,0,271,,19.7,21
Celery,100克,42,1.5,9.2,0.3,1.8,1.6,0.079,NA,0,100,,0.3,6
"Celery(Cooked, drained, no added salt)",100克,27,0.96,5.9,0.19,1.2,NA,NA,NA,0,61,,7.1,36
"Celery(Cook, drain, add salt)",100克,27,0.96,5.9,0.19,NA,NA,NA,NA,0,297,,13.1,22
Palm heart(Canned),100克,28,2.52,4.62,0.62,2.4,NA,0.13,NA,0,426,,4.6,14
Broccoli,100克,25,1.28,5.8,0.1,2.5,3.2,0.034,NA,0,18,,1.2,47
Broccoli(Fresh harvest),100克,24,1.21,5.37,0.18,2.3,NA,0.023,NA,0,18,,13.7,27
"Broccoli(Cooked, drained, no added salt)",100克,23,1.27,5.51,0.06,1.9,2.79,0,NA,0,8,,13.3,24
"Broccoli(Cook, drain, add salt)",100克,23,1.27,5.51,0.06,1.9,2.79,0,NA,0,255,,18.5,36
Broccoli,100克,25,1.92,4.97,0.28,2,1.91,0.064,0,0,30,,4.8,2
"Broccoli(Cooked, drained, no added salt)",100克,23,1.84,4.11,0.45,2.3,2.08,0.07,NA,0,15,,11.4,1
"Broccoli(Cook, drain, add salt)",100克,23,1.84,4.11,0.45,2.3,1.86,0.07,NA,0,242,,15.3,43
"Broccoli(Snow hiding, untreated)",100克,24,2.01,4.68,0.27,2.3,2.22,0.041,NA,0,24,,5.4,18
"Broccoli(Snow covered, cooked, drained, no added salt)",100克,19,1.61,3.75,0.22,2.7,1.05,0.034,NA,0,18,,18.7,21
"Broccoli(Snowed, cooked, drained, added salt)",100克,17,1.61,3.16,0.22,2.7,0.46,0.034,NA,0,254,,13.7,38
Orange tomato,100克,16,1.16,3.18,0.19,0.9,NA,0.025,NA,0,42,,14.1,3
Acorn pumpkin,100克,40,0.8,10.42,0.1,1.5,NA,0.021,NA,0,3,,13,0
"Acorn pumpkin(Cook well, stir into mash, no added salt)",100克,34,0.67,8.79,0.08,2.6,NA,0.017,NA,0,3,,3.4,22
"Acorn pumpkin(Cook, stir, add salt)",100克,34,0.67,8.79,0.08,2.6,NA,0.017,NA,0,239,,2.3,44
Acorn pumpkin(Baked without salt),100克,56,1.12,14.58,0.14,4.4,NA,0.029,NA,0,4,,10.8,25
"Acorn pumpkin(Bake well, add salt)",100克,56,1.12,14.58,0.14,4.4,NA,0.029,NA,0,240,,10.6,9
Winter,100克,14,0.39,3.61,0.04,NA,NA,NA,NA,0,7,,18.9,6
"Winter(Cooked, drained, no added salt)",100克,8,0.23,2.16,0.02,NA,NA,NA,NA,0,4,,5.5,19
"Winter(Cook, drain, add salt)",100克,8,0.23,2.16,0.02,NA,NA,NA,NA,0,240,,17.5,25
Winter(Canned),100克,3,0.11,0.38,0.13,NA,NA,NA,NA,0,4,,13.6,23
Frankfurt intestines,100克,233,19.61,7.7,13.73,3.9,0,1.961,NA,0,471,,8.7,35
Onion,100克,40,1.1,9.34,0.1,1.7,4.24,0.042,NA,0,4,,12.7,20
"Onion(Cooked, drained, no added salt)",100克,44,1.36,10.15,0.19,1.4,4.73,0.031,NA,0,3,,1.4,6
"Onion(Cook, drain, add salt)",100克,42,1.36,9.56,0.19,1.4,4.73,0.031,NA,0,239,,8.9,49
"Onion(Can, liquids)",100克,19,0.85,4.02,0.09,1.2,2.2,0.016,NA,0,371,,4,9
Onion(Dehydrated tablet),100克,349,8.95,83.28,0.46,9.2,37.41,0.078,NA,0,21,,9.6,49
"Onion(Snow hidden, chopped, untreated)",100克,29,0.79,6.81,0.1,1.8,NA,0.017,NA,0,12,,12.2,6
"Onion(Snow, chopped, cooked, drained, no added salt)",100克,28,0.77,6.59,0.1,1.8,2.9,0.016,NA,0,12,,16.4,7
"Onion(Snow, chopped, cooked, drained, added salt)",100克,26,0.77,6,0.1,1.7,2.9,0.016,NA,0,248,,8.1,6
"Onion(Snow, whole, untreated)",100克,35,0.89,8.45,0.06,1.7,3.81,0.011,NA,0,10,,7.4,19
"Onion(Snow, whole, cooked, drained, no added salt)",100克,28,0.71,6.7,0.05,1.4,2.9,0.009,NA,0,8,,19.7,45
"Onion(Snow cover, whole, cook well, drain, add salt)",100克,26,0.71,6.11,0.05,1.4,2.9,0.009,NA,0,244,,13.9,4
"Onion ring(Fast food, dipped in bread bran, fried)",100克,332,4.46,37.74,18.69,NA,NA,8.377,NA,17,518,,4.3,34
"Onion ring(Dipped in bread bran, pre-fried, snow-covered, untreated)",100克,258,3.15,30.53,14.1,1.8,NA,4.534,NA,0,246,,20,40
"Onion ring(Dipped in bread bran, pre-fried, snow-covered, treated, oven heated)",100克,407,5.34,38.16,26.7,1.3,NA,8.585,NA,0,375,,13.3,21
Navy bean sprout,100克,67,6.15,13.05,0.7,NA,NA,0.085,NA,0,13,,9.8,19
"Navy bean sprout(Cooked, drained, no added salt)",100克,78,7.07,15.01,0.81,NA,NA,0.098,NA,0,14,,2,9
"Navy bean sprout(Cook, drain, add salt)",100克,78,7.07,15.01,0.81,NA,NA,0.098,NA,0,250,,18.5,48
Kelp,100克,43,1.68,9.57,0.56,1.3,0.6,0.247,NA,0,233,,6.8,41
Ripples,100克,19,1.8,3.4,0.3,NA,NA,NA,NA,0,24,,9.2,36
Ripples(Ripe),100克,23,2.98,2.71,0.78,2.1,NA,NA,NA,0,55,,8.3,9
Gray walnut pumpkin,100克,45,1,11.69,0.1,2,2.2,0.021,NA,0,4,,17.5,43
Gray walnut pumpkin(Baked without salt),100克,40,0.9,10.49,0.09,NA,1.97,0.019,NA,0,4,,8.9,9
"Gray walnut pumpkin(Bake well, add salt)",100克,40,0.9,10.49,0.09,NA,1.97,0.019,NA,0,240,,10.1,32
"Gray walnut pumpkin(Snow hiding, untreated)",100克,57,1.76,14.41,0.1,1.3,2.83,0.021,NA,0,2,,9.7,4
"Gray walnut pumpkin(Snow covered, cooked, no salt added)",100克,39,1.23,10.05,0.07,NA,NA,0.014,NA,0,2,,5.7,31
"Gray walnut pumpkin(Snowed, cooked, salt added)",100克,39,1.23,10.04,0.07,NA,NA,0.014,NA,0,238,,3.6,40
Stewed vegetarian food,100克,123,17,7,3,1.1,1.25,0.475,NA,0,400,,14.5,3
Irish seaweed,100克,49,1.51,12.29,0.16,1.3,0.61,0.033,NA,0,67,,18.8,12
Butter lettuce,100克,13,1.35,2.23,0.22,1.1,0.94,0.029,NA,0,5,,0.5,22
"Butter corn(Fast-food, corn grains attached to spikes)",100克,106,3.06,21.88,2.35,NA,NA,1.125,NA,4,20,,11.7,26
Burdock root,100克,72,1.53,17.34,0.15,3.3,2.9,0.025,NA,0,5,,6.9,4
"Burdock root(Cooked, drained, no added salt)",100克,88,2.09,21.15,0.14,1.8,3.55,0.023,NA,0,4,,12.6,32
"Burdock root(Cook, drain, add salt)",100克,88,2.09,21.15,0.14,1.8,3.55,NA,NA,0,240,,10.6,23
Borage,100克,21,1.8,3.06,0.7,NA,NA,0.17,NA,0,80,,15.2,17
"Borage(Cooked, drained, no added salt)",100克,25,2.09,3.55,0.81,NA,NA,0.197,NA,0,88,,14.4,4
"Borage(Cook, drain, add salt)",100克,25,2.09,3.55,0.81,NA,NA,0.197,NA,0,324,,8.9,42
Swedish radish,100克,36,1.2,8.13,0.2,2.5,5.6,0.027,NA,0,20,,6,50
"Swedish radish(Cooked, drained, no added salt)",100克,39,1.29,8.74,0.22,1.8,6.02,0.029,NA,0,20,,9,12
"Swedish radish(Cook, drain, add salt)",100克,39,1.29,8.74,0.22,NA,6.02,0.029,NA,0,254,,16.1,45
Gourd,100克,14,0.62,3.39,0.02,NA,NA,0.002,NA,0,2,,8.8,20
"Gourd(Cooked, drained, no added salt)",100克,15,0.6,3.69,0.02,NA,NA,0.002,NA,0,2,,11.5,38
"Gourd(Cook, drain, add salt)",100克,13,0.6,3.1,0.02,NA,NA,0.001,NA,0,238,,15.9,32
Carrot,100克,41,0.93,9.58,0.24,2.8,4.74,0.037,0,0,69,,15.1,48
"Carrot(Cooked, drained, no added salt)",100克,35,0.76,8.22,0.18,3,3.45,0.03,NA,0,58,,1.9,17
"Carrot(Cook, drain, add salt)",100克,35,0.76,8.22,0.18,3,3.45,0.037,NA,0,302,,6.6,20
"Carrot(Can, no added salt, drain)",100克,25,0.64,5.54,0.19,1.5,2.48,0.036,NA,0,42,,6.8,9
Carrot(Canned without added salt and with liquids),100克,23,0.59,5.36,0.14,1.8,2.46,0.024,NA,0,34,,13.9,20
"Carrot(Canned, drained)",100克,25,0.64,5.54,0.19,1.5,2.48,0.036,NA,0,242,,6.6,24
"Carrot(Can, liquids)",100克,23,0.58,5.37,0.14,1.8,2.46,0.025,NA,0,240,,1.6,10
Carrot(Dehydration),100克,341,8.1,79.57,1.49,23.6,38.82,0.256,NA,0,275,,11.3,25
"Carrot(Snow hiding, untreated)",100克,36,0.78,7.9,0.46,3.3,4.76,0.047,NA,0,68,,11.5,37
"Carrot(Snow covered, cooked, drained, no added salt)",100克,37,0.58,7.73,0.68,3.3,4.08,0.12,NA,0,59,,18.5,15
"Carrot(Snowed, cooked, drained, added salt)",100克,37,0.58,7.73,0.68,3.3,4.08,0.132,NA,0,295,,15.6,41
Sweet onion,100克,32,0.8,7.55,0.08,0.9,5.02,NA,NA,0,8,,5.9,43
Beet leaves,100克,22,2.2,4.33,0.13,3.7,0.5,0.02,NA,0,226,,11.2,10
"Beet leaves(Cooked, drained, no added salt)",100克,27,2.57,5.46,0.2,2.9,0.6,0.031,NA,0,241,,10.1,46
"Beet leaves(Cook, drain, add salt)",100克,27,2.57,5.46,0.2,2.9,0.6,0.031,NA,0,477,,1.7,22
Pansy,100克,36,2.97,6.33,0.79,3.3,0.85,0.132,NA,0,56,,11.8,5
Pansy(Freeze drying),100克,271,31.3,42.38,5.2,32.7,NA,NA,NA,0,391,,14.1,42
Sweet potato(Untreated),100克,86,1.57,20.12,0.05,3,4.18,0.018,NA,0,55,,6.6,16
Sweet potato(Cook and peel),100克,76,1.37,17.72,0.14,2.5,5.74,0.031,NA,0,27,,14.4,21
"Sweet potato(Cook, peel, add salt)",100克,76,1.37,17.72,0.14,2.5,5.74,NA,NA,0,263,,11.6,44
"Sweet potato(Can, mix)",100克,101,1.98,23.19,0.2,1.7,5.45,0.041,NA,0,75,,18.1,19
"Sweet potato(Canned, vacuum packed)",100克,91,1.65,21.12,0.2,1.8,5,0.041,NA,0,53,,18.9,17
"Sweet potato(Canned, soaked in sugar and drained)",100克,108,1.28,25.36,0.32,3,5.74,0.069,NA,0,39,,7.2,18
"Sweet potato(Canned, soaked in sugar and liquids)",100克,89,0.98,20.93,0.2,2.5,15.4,0.041,NA,0,44,,2.1,39
Sweet potato(Baked without salt),100克,90,2.01,20.71,0.15,3.3,6.48,0.034,NA,0,36,,13.4,32
Sweet potato(Bake with skin and add salt),100克,92,2.01,20.71,0.15,3.3,11.09,0.052,NA,0,246,,9.7,34
Sweet potato leaves,100克,35,4,6.38,0.3,2,NA,0.065,NA,0,9,,4.4,36
"Sweet potato leaves(Steamed, no added salt)",100克,34,2.32,7.32,0.3,1.9,5.42,0.065,NA,0,13,,14.6,29
"Sweet potato leaves(Steam well, add salt)",100克,34,2.32,7.32,0.3,1.9,5.42,0.065,NA,0,249,,4.8,37
White carrot,100克,75,1.2,17.99,0.3,4.9,4.8,0.05,NA,0,10,,16.9,16
"White carrot(Cooked, drained, no added salt)",100克,71,1.32,17.01,0.3,3.6,4.8,0.05,NA,0,10,,16.3,19
"White carrot(Cook, drain, add salt)",100克,71,1.32,17.01,0.3,4,4.8,0.05,NA,0,246,,11.9,42
White sweet corn,100克,86,3.22,19.02,1.18,2.7,3.22,0.182,NA,0,15,,4.1,6
"White sweet corn(Cooked, drained, no added salt)",100克,97,3.34,21.71,1.41,2.7,7.73,0.197,NA,0,3,,10.3,28
"White sweet corn(Cook, drain, add salt)",100克,97,3.34,21.71,1.41,2.7,7.73,0.197,NA,0,253,,16.2,35
"White sweet corn(Canned, granulated, no added salt, liquid)",100克,64,1.95,15.41,0.5,0.7,NA,0.077,NA,0,12,,20,38
"White sweet corn(Canned, granulated, drained)",100克,81,2.62,18.59,1,2,2.4,0.154,NA,0,323,,3.7,11
"White sweet corn(Canned, granulated, liquid)",100克,64,1.95,15.41,0.5,1.7,NA,0.077,NA,0,213,,5.1,50
"White sweet corn(Canned, vacuum packed)",100克,79,2.41,19.44,0.5,2,NA,0.077,NA,0,272,,0.4,12
"White sweet corn(Canned, vacuum packed, no added salt)",100克,79,2.41,19.44,0.5,2,NA,0.077,NA,0,3,,6.8,0
"White sweet corn(Grain cut from spike, untreated)",100克,88,3.02,20.81,0.77,2.4,NA,0.119,NA,0,3,,3.1,14
"White sweet corn(Snow storage, corn grains cut from spike, boiled, drained, no added salt)",100克,80,2.75,19.56,0.43,2.4,3.12,0.066,NA,0,5,,4.1,28
"White sweet corn(Snow, corn grains cut from spike, boiled, drained, added salt)",100克,80,2.75,19.56,0.43,2.4,3.12,0.066,NA,0,245,,18.7,21
"White sweet corn(Millet grains attached to spike, untreated)",100克,98,3.28,23.5,0.78,2.8,NA,0.12,NA,0,5,,3.6,25
"White sweet corn(Snow storage, corn grains attached to spike, cooked, drained, no added salt)",100克,94,3.11,22.33,0.74,2.1,NA,0.114,NA,0,4,,15.7,48
"White sweet corn(Snow, corn grains attached to spike, cooked, drained, added salt)",100克,94,3.11,22.33,0.74,2.8,NA,0.114,NA,0,240,,16.2,6
White sweet corn soup(Canned),100克,72,1.74,18.13,0.42,1.2,2.21,0.065,NA,0,285,,12.7,5
White sweet corn soup(Canned without added salt),100克,72,1.74,18.13,0.42,1.2,2.21,0.065,NA,0,3,,1.6,11
White radish,100克,14,1.1,2.63,0.1,1.4,NA,0.03,NA,0,16,,7.1,28
White mushroom,100克,22,3.09,3.26,0.34,1,1.98,0.05,NA,0,5,,19.8,9
White mushroom(Microwave cooking),100克,35,3.91,6.04,0.46,2.5,0,0.06,NA,0,17,,3.2,34
White mushroom(Fry),100克,26,3.58,4.04,0.33,1.8,0,0.04,NA,0,12,,0.2,35
White mushroom(Cooked and drained with salt),100克,28,2.17,5.29,0.47,2.2,2.34,0.061,NA,0,238,,2.4,45
"White mushroom(Cooked, drained, no added salt)",100克,28,2.17,5.29,0.47,2.2,2.34,0.061,NA,0,2,,19.1,27
White potato(Peeling),100克,69,1.68,15.71,0.1,2.4,1.15,0.025,NA,0,6,,11.1,40
"White potato(Peel, bake)",100克,94,2.1,21.08,0.15,2.1,1.39,0.021,NA,0,7,,10.2,18
Ruffled broccoli,100克,27,2,6.1,0.1,3.1,2.27,0.013,NA,0,28,,5.3,28
"Ruffled broccoli(Cooked, drained, no added salt)",100克,24,1.8,5.41,0.09,2.8,NA,0.012,NA,0,24,,1.5,33
"Ruffled broccoli(Cook, drain, add salt)",100克,24,1.8,5.41,0.09,2.8,NA,0.012,NA,0,260,,0.6,5
Salted mustard,100克,28,1.1,5.63,0.1,3.1,1.4,0.013,NA,0,717,,18.2,32
Okra,100克,31,2,7.03,0.1,3.2,1.2,0.026,NA,0,8,,3.6,16
"Okra(Cooked, drained, no added salt)",100克,22,1.87,4.51,0.21,2.5,2.4,0.045,NA,0,6,,1.4,47
"Okra(Cook, drain, add salt)",100克,22,1.87,4.51,0.21,2.5,2.4,0.045,NA,0,241,,13.8,2
"Okra(Snow hiding, untreated)",100克,30,1.69,6.63,0.25,2.2,2.97,0.065,NA,0,3,,1.5,10
"Okra(Snow covered, cooked, drained, no added salt)",100克,28,2.08,5.75,0.3,2.8,2.87,0.079,NA,0,3,,7.6,2
"Okra(Snowed, cooked, drained, added salt)",100克,28,2.08,5.75,0.3,2.8,2.87,0.079,NA,0,239,,18.3,26
Bamboo shoot,100克,27,2.6,5.2,0.3,2.2,3,0.069,NA,0,4,,11.3,38
"Bamboo shoot(Cooked, drained, no added salt)",100克,12,1.53,1.92,0.22,1,NA,0.051,NA,0,4,,11.1,46
"Bamboo shoot(Cook, drain, add salt)",100克,11,1.53,1.52,0.22,1,NA,0.051,NA,0,240,,16.3,14
"Bamboo shoot(Canned, drained)",100克,19,1.72,3.22,0.4,1.4,1.89,0.092,NA,0,7,,14.2,12
Taro,100克,65,4.24,13.39,0.2,1.3,NA,0.039,NA,0,26,,10.5,42
Bamboo flour,100克,357,0.3,88.15,0.1,3.4,NA,0.019,NA,0,2,,17.7,23
Cucumbers,100克,40,2,8.7,0.5,NA,NA,0.103,NA,0,7,,15.2,48
Plain smoked meat,100克,310,10.68,6.32,29.52,2.6,0,4.622,NA,0,1465,,2.4,45
Veggie meat,100克,476,32,28.6,25.9,10.2,0,4.055,NA,0,1770,,13.8,17
Vegetarian meatball,100克,197,21,8,9,4.6,1.25,1.425,NA,0,550,,8,11
A piece or cake of meat.,100克,197,21,8,9,4.6,1.2,1.425,NA,0,550,,4.4,16
Vegetarian slices,100克,290,23,9,18,6.1,0.8,2.849,NA,0,490,,11.2,38
Bowel,100克,257,18.53,9.84,18.16,2.8,0,2.926,NA,0,888,,18.2,30
Plain fish strips,100克,290,23,9,18,6.1,0.8,2.849,NA,0,490,,14.6,41
Red Lettuce,100克,16,1.33,2.26,0.22,0.9,0.48,NA,NA,NA,25,,11.4,24
Red broccoli,100克,31,1.43,7.37,0.16,2.1,3.83,0.021,NA,0,27,,19.2,3
"Red broccoli(Cooked, drained, no added salt)",100克,29,1.51,6.94,0.09,2.6,3.32,0.011,NA,0,28,,7.1,30
"Red broccoli(Cook, drain, add salt)",100克,29,1.51,6.94,0.09,2.6,3.32,0.011,NA,0,244,,11.5,0
Red Pepper,100克,31,0.99,6.03,0.3,2.1,4.2,0.027,NA,0,4,,16.4,13
Red Pepper(Freeze drying),100克,314,17.9,68.7,3,21.3,40.77,0.447,NA,0,193,,11.6,49
Red Pepper(Blast!),100克,133,1.04,6.57,12.75,1.8,4.28,1.557,NA,0,21,,11.2,2
"Red Pepper(Cooked, drained, no added salt)",100克,28,0.92,6.7,0.2,1.2,4.39,0.029,NA,0,2,,19.7,38
"Red Pepper(Cook, drain, add salt)",100克,26,0.92,6.11,0.2,1.2,4.39,0.029,NA,0,238,,12.2,8
"Red Pepper(Can, liquids)",100克,18,0.8,3.9,0.3,1.2,NA,0.045,NA,0,1369,,7.1,17
"Red Pepper(Snow hidden, chopped, untreated)",100克,20,1.08,4.45,0.21,1.6,3.26,0.031,NA,0,5,,10.5,40
"Red Pepper(Snow, chopped, cooked, drained, no added salt)",100克,16,0.95,3.31,0.18,NA,2.86,0.026,NA,0,4,,1.6,23
"Red Pepper(Snow, chopped, cooked, drained, added salt)",100克,16,0.95,3.31,0.18,NA,2.86,0.027,NA,0,240,,2.2,10
Red chicory,100克,23,1.43,4.48,0.25,0.9,0.6,0.06,NA,0,22,,12,32
Red vegetable head,100克,43,1.61,9.56,0.17,2.8,6.76,0.027,NA,0,78,,7,43
Red vegetable head(To cook and drain.),100克,44,1.68,9.96,0.18,2,7.96,0.028,NA,0,77,,15.8,25
"Red vegetable head(Cook, drain, add salt)",100克,44,1.68,9.96,0.18,2,7.96,0.028,NA,0,285,,17.9,20
Red vegetable head(Canned without added salt and with liquids),100克,28,0.8,6.57,0.07,1.2,5.38,0.011,NA,0,21,,16.8,42
"Red vegetable head(Canned, drained)",100克,31,0.91,7.21,0.14,1.8,5.51,0.022,NA,0,194,,13,7
"Red vegetable head(Can, liquids)",100克,30,0.73,7.14,0.09,1.2,6.53,0.013,NA,0,143,,1.4,5
Red onion,100克,72,2.5,16.8,0.1,NA,NA,0.017,NA,0,12,,16.8,13
Red onion(Freeze drying),100克,348,12.3,80.7,0.5,NA,NA,0.084,NA,0,59,,18.1,36
Red tomatoes(Chowder),100克,79,1.96,13.05,2.68,1.7,NA,0.521,NA,0,455,,16.7,50
Red tomatoes(Ripe),100克,18,0.95,4.01,0.11,0.7,2.49,0.015,NA,0,11,,6.4,24
"Red tomatoes(Cooked, added salt)",100克,18,0.95,4.01,0.11,0.7,2.49,0.015,NA,0,247,,6.8,43
Red tomatoes(Canned with green chili),100克,15,0.69,3.62,0.08,NA,NA,0.011,NA,0,401,,1.8,31
"Red tomatoes(Can, chowder)",100克,26,0.91,6.19,0.19,1,3.52,0.026,NA,0,221,,14.4,24
"Red tomatoes(Canned, tomato juice soaked)",100克,17,0.78,4,0.13,1,2.38,0.018,NA,0,143,,10.1,32
"Red tomatoes(Canned, tomato juice soaked, no salt added)",100克,17,0.78,4,0.13,1,2.38,0.018,NA,0,10,,10.6,17
Red pepper,100克,40,1.87,8.81,0.44,1.5,5.3,0.042,NA,0,9,,12.8,29
Red potato(Peeling),100克,70,1.89,15.9,0.14,1.7,1,0.034,NA,0,6,,8.1,36
"Red potato(Peel, bake)",100克,89,2.3,19.59,0.15,1.8,1.43,0.025,NA,0,12,,10.6,31
Shallots,100克,30,3.27,4.35,0.73,2.5,1.85,0.146,NA,0,3,,8.6,5
Shallots(Freeze drying),100克,311,21.2,64.29,3.5,26.2,NA,0.591,NA,0,70,,3,30
Shaoxing(Ripe),100克,12,1.1,2.23,0.17,NA,NA,NA,NA,0,11,,11.2,9
Green Lettuce,100克,15,1.36,2.79,0.15,1.3,0.78,0.02,NA,0,28,,11.9,34
Green bean sprout,100克,30,3.04,5.94,0.18,1.8,4.13,0.046,NA,0,6,,10.6,7
Green bean sprout(Fried),100克,50,4.3,10.59,0.21,1.9,NA,0.039,NA,0,9,,17.5,8
"Green bean sprout(Cooked, drained, no added salt)",100克,21,2.03,4.19,0.09,0.8,2.84,0.025,NA,0,10,,14.2,0
"Green bean sprout(Cook, drain, add salt)",100克,19,2.03,3.6,0.09,0.8,2.84,0.025,NA,0,246,,11.1,30
"Green bean sprout(Canned, drained)",100克,12,1.4,2.14,0.06,0.8,1.34,0.016,NA,0,140,,0.2,38
Roman lettuce or long leaf lettuce,100克,17,1.23,3.29,0.3,2.1,1.19,0.039,NA,0,8,,1.8,36
Herba Chenopodii,100克,43,4.2,7.3,0.8,4,NA,0.059,NA,0,43,,0.7,10
"Herba Chenopodii(Cooked, drained, no added salt)",100克,32,3.2,5,0.7,2.1,0.62,0.052,NA,0,29,,3.2,11
"Herba Chenopodii(Cook, drain, add salt)",100克,32,3.2,5,0.7,2.1,0.62,0.052,NA,0,265,,8.8,49
Kale,100克,30,2.45,5.69,0.42,3.6,0.46,0.055,NA,0,20,,1.2,24
"Kale(Cooked, drained, no added salt)",100克,26,2.11,4.91,0.36,2.8,0.4,0.047,NA,0,16,,17.7,0
"Kale(Cook, drain, add salt)",100克,26,2.11,4.91,0.36,2.8,0.4,0.047,NA,0,252,,1.8,4
"Kale(Snow hidden, chopped, untreated)",100克,33,2.69,6.46,0.37,3.6,NA,0.048,NA,0,48,,9.6,37
"Kale(Snow, chopped, cooked, drained, no added salt)",100克,36,2.97,7.1,0.41,2.8,0.57,0.06,NA,0,50,,18.9,38
"Kale(Snow, chopped, cooked, drained, added salt)",100克,36,2.97,7.1,0.41,2.8,0.57,0.04,NA,0,286,,10.3,16
Green gourd(Peeling),100克,17,1.21,3.11,0.32,1,2.5,0.084,0,0,8,,1.4,25
"Green gourd(Peel, cook, drain, no added salt)",100克,15,1.14,2.69,0.36,1,2.97,0.072,NA,0,3,,8.9,5
"Green gourd(Peel, cook well, drain, add salt)",100克,15,1.14,2.69,0.36,1,2.97,0.072,NA,0,239,,12.8,38
"Green gourd(Peel, snow, untreated)",100克,17,1.16,3.59,0.13,1.3,1.71,0.027,NA,0,2,,16.3,18
"Green gourd(Peel, snow hide, cook well, drain, no added salt)",100克,17,1.15,3.56,0.13,1.3,1.69,0.027,NA,0,2,,5.6,2
"Green gourd(Peel, snow hide, cook well, drain, add salt)",100克,14,1.15,2.97,0.13,1.3,1.69,0.027,NA,0,238,,7.2,38
"Pickled brocade(Broccoli, onions, mustard, sweet)",100克,121,1.5,26.64,0.9,1.5,23.88,0.149,NA,0,527,,1.1,17
"Pickled red vegetable head(Can, liquids)",100克,65,0.8,16.28,0.08,2.6,13.59,0.013,NA,0,264,,19.9,5
Pickled eggplant,100克,49,0.9,9.77,0.7,2.5,4.8,0.14,NA,0,1674,,16.4,6
Pickled cucumber(Acid),100克,11,0.33,2.26,0.2,1.2,1.06,0.052,NA,0,1208,,14.6,8
"Pickled cucumber(Acid, low sodium)",100克,11,0.33,2.26,0.2,1.2,1.06,0.052,NA,0,18,,1.2,18
Waist bean bud,100克,29,4.2,4.1,0.5,NA,NA,0.072,NA,0,6,,5.7,15
"Waist bean bud(Cooked, drained, no added salt)",100克,33,4.83,4.72,0.58,NA,NA,0.083,NA,0,7,,11.8,27
"Waist bean bud(Cook, drain, add salt)",100克,33,4.83,4.72,0.58,NA,NA,0.083,NA,0,243,,7.5,1
Mushroom,100克,31,1.94,6.97,0.19,2.7,2.07,0.03,NA,0,1,,19.5,15
Taro,100克,112,1.5,26.46,0.2,4.1,0.4,0.041,NA,0,11,,2.5,21
"Taro(Cooked, no added salt)",100克,142,0.52,34.6,0.11,5.1,0.49,0.023,NA,0,15,,4.1,39
"Taro(Cooked, added salt)",100克,142,0.52,34.6,0.11,5.1,0.49,0.023,NA,0,251,,10.8,37
Taro leaf,100克,42,4.98,6.7,0.74,3.7,3.01,0.151,NA,0,3,,14.3,16
"Taro leaf(Steamed, no added salt)",100克,24,2.72,4.02,0.41,2,NA,0.083,NA,0,2,,8.9,7
"Taro leaf(Steam well, add salt)",100克,24,2.72,3.89,0.41,2,NA,0.083,NA,0,238,,5.5,32
Turnip,100克,28,0.9,6.43,0.1,1.8,3.8,0.011,NA,0,67,,17.3,22
"Turnip(Cooked, drained, no added salt)",100克,22,0.71,5.06,0.08,2,2.99,0.008,NA,0,16,,20,14
"Turnip(Cook, drain, add salt)",100克,22,0.71,5.06,0.08,2,2.99,0.008,NA,0,286,,11.7,29
"Turnip(Snow hiding, untreated)",100克,16,1.04,2.94,0.16,1.8,NA,0.017,NA,0,25,,16.8,29
"Turnip(Snow covered, cooked, drained, no added salt)",100克,23,1.53,4.35,0.24,2,2.35,0.025,NA,0,36,,5.5,40
"Turnip(Snowed, cooked, drained, added salt)",100克,21,1.53,3.76,0.24,2,1.76,0.025,NA,0,272,,3.9,32
Turnip leaf,100克,32,1.5,7.13,0.3,3.2,0.81,0.07,NA,0,40,,17.5,5
"Turnip leaf(Cooked, drained, no added salt)",100克,20,1.14,4.36,0.23,3.5,0.53,0.053,NA,0,29,,16.1,32
"Turnip leaf(Cook, drain, add salt)",100克,20,1.14,4.36,0.23,3.5,0.53,0.053,NA,0,265,,13.9,14
"Turnip leaf(Snow hiding, untreated)",100克,22,2.47,3.67,0.31,2.5,NA,0.073,NA,0,12,,14.6,4
"Turnip leaf(Snow covered, cooked, drained, no added salt)",100克,29,3.35,4.98,0.42,3.4,0.75,0.099,NA,0,15,,11.2,9
"Turnip leaf(Snowed, cooked, drained, added salt)",100克,29,3.35,4.98,0.42,3.4,0.75,0.099,NA,0,251,,2.4,10
Sesame vegetable,100克,25,2.58,3.65,0.66,1.6,2.05,0.086,NA,0,27,,5.4,40
Herba Murdanniae Divergentis(Ripe),100克,22,1.14,3.81,0.72,2.5,0.84,0.11,NA,0,7,,12.6,50
Herba Murdanniae Divergentis,100克,27,1.7,6.2,0.1,3.6,2.6,0.013,NA,0,20,,19.3,27
"Herba Murdanniae Divergentis(Cooked, drained, no added salt)",100克,29,1.8,6.69,0.11,1.1,2.8,0.014,NA,0,21,,11.8,5
"Herba Murdanniae Divergentis(Cook, drain, add salt)",100克,29,1.8,6.69,0.11,1.1,2.8,0.014,NA,0,257,,12.1,0
Mustard,100克,26,2.7,4.9,0.2,3.3,1.6,0.01,NA,0,25,,18.7,11
"Mustard(Cooked, drained, no added salt)",100克,15,2.26,2.1,0.24,2,0.1,0.012,NA,0,16,,18.6,46
"Mustard(Cook, drain, add salt)",100克,15,2.26,2.1,0.24,2,0.1,0.012,NA,0,252,,6.8,18
"Mustard(Snow hiding, untreated)",100克,20,2.49,3.41,0.27,3.3,NA,0.014,NA,0,29,,10.2,32
"Mustard(Snow covered, cooked, drained, no added salt)",100克,19,2.27,3.11,0.25,2.8,0.32,0.013,NA,0,25,,19.1,19
"Mustard(Snowed, cooked, drained, added salt)",100克,19,2.27,3.11,0.25,2.8,0.32,0.013,NA,0,261,,4.2,31
Asparagus,100克,20,2.2,3.88,0.12,2.1,1.88,0.04,NA,0,2,,12.4,31
Asparagus(To cook and drain.),100克,22,2.4,4.11,0.22,2,1.3,0.048,NA,0,14,,0.7,12
"Asparagus(Cook, drain, add salt)",100克,22,2.4,4.11,0.22,2,1.3,0.048,NA,0,240,,9.7,48
Asparagus(Canned without added salt and with liquids),100克,15,1.8,2.48,0.18,1,1,0.041,NA,0,26,,11.2,31
"Asparagus(Canned, drained)",100克,19,2.14,2.46,0.65,1.6,1.06,0.147,NA,0,287,,19.3,50
"Asparagus(Can, liquids)",100克,15,1.8,2.47,0.18,1,NA,0.044,NA,0,284,,4.7,24
"Asparagus(Snow hiding, untreated)",100克,24,3.23,4.1,0.23,1.9,NA,0.052,NA,0,8,,17,16
"Asparagus(Snow covered, cooked, drained, no added salt)",100克,18,2.95,1.92,0.42,1.6,0.32,0.096,NA,0,3,,2.2,37
"Asparagus(Snowed, cooked, drained, added salt)",100克,18,2.95,1.92,0.42,1.6,0.32,0.096,NA,0,240,,12.7,0
Coriander,100克,23,2.13,3.67,0.52,2.8,0.87,0.014,NA,0,46,,5.8,6
Celery lettuce,100克,18,0.85,3.65,0.3,1.7,NA,NA,NA,0,11,,3.4,18
Amaranth,100克,23,2.46,4.02,0.33,NA,NA,0.091,NA,0,20,,1.2,35
"Amaranth(Cooked, drained, no added salt)",100克,21,2.11,4.11,0.18,NA,NA,0.05,NA,0,21,,9.9,17
"Amaranth(Cook, drain, add salt)",100克,21,2.11,4.11,0.18,NA,NA,0.05,NA,0,257,,11.2,47
Alfalfa bud,100克,23,3.99,2.1,0.69,1.9,0.18,0.069,NA,0,6,,6,17
Balsam pear leaves,100克,30,5.3,3.29,0.69,NA,NA,NA,NA,0,11,,15.6,16
"Balsam pear leaves(Cooked, drained, no added salt)",100克,34,3.6,6.68,0.2,1.9,1.04,0.032,NA,0,13,,0.1,4
"Balsam pear leaves(Cook, drain, add salt)",100克,32,3.6,6.16,0.2,1.9,1.04,NA,NA,0,249,,1.7,43
Bitter melon pod,100克,17,1,3.7,0.17,2.8,NA,NA,NA,0,5,,14.3,23
"Bitter melon pod(Cooked, drained, no added salt)",100克,19,0.84,4.32,0.18,2,1.95,0.014,NA,0,6,,19.4,23
"Bitter melon pod(Cook, drain, add salt)",100克,19,0.84,4.32,0.18,2,1.95,NA,NA,0,242,,11.2,9
Herba Cichorii,100克,17,1.25,3.35,0.2,3.1,0.25,0.048,NA,0,22,,8.7,32
Eggplant,100克,24,1.01,5.7,0.19,3.4,2.35,0.034,NA,0,2,,9.4,43
"Eggplant(Cooked, drained, no added salt)",100克,35,0.83,8.73,0.23,2.5,3.2,0.044,NA,0,1,,15.5,13
"Eggplant(Cook, drain, add salt)",100克,33,0.83,8.14,0.23,2.5,3.2,0.044,NA,0,239,,16.5,12
Anise bulb,100克,31,1.24,7.29,0.2,3.1,NA,NA,NA,0,52,,4,17
Chrysanthemum lettuce,100克,24,3.36,3.02,0.56,3,NA,NA,NA,0,118,,5.6,23
"Chrysanthemum lettuce(Cooked, drained, no added salt)",100克,20,1.64,4.31,0.09,2.3,2.01,0.022,NA,0,53,,7.1,42
"Chrysanthemum lettuce(Cook, drain, add salt)",100克,20,1.64,4.31,0.09,2.3,2.01,NA,NA,0,289,,16.7,26
"Straw mushroom(Canned, drained)",100克,32,3.83,4.64,0.68,2.5,NA,0.089,NA,0,384,,10.8,44
Betaine,100克,19,1.8,3.74,0.2,1.6,1.1,0.03,NA,0,213,,1.9,20
"Betaine(Cooked, drained, no added salt)",100克,20,1.88,4.13,0.08,2.1,1.1,0.012,NA,0,179,,0.9,24
"Betaine(Cook, drain, add salt)",100克,20,1.88,4.13,0.08,2.1,1.1,NA,NA,0,415,,16.5,30
Lotus root,100克,74,2.6,17.23,0.1,4.9,NA,0.03,NA,0,40,,8.6,39
"Lotus root(Cooked, drained, no added salt)",100克,66,1.58,16.02,0.07,3.1,0.5,0.021,NA,0,45,,6.5,23
"Lotus root(Cook, drain, add salt)",100克,66,1.58,16.02,0.07,3.1,NA,0.021,NA,0,281,,16.4,17
Jerusalem artichoke,100克,73,2,17.44,0.01,1.6,9.6,0,NA,0,4,,11.9,43
Chicory leaf,100克,23,1.7,4.7,0.3,4,0.7,0.073,NA,0,45,,13.7,26
Spinach,100克,23,2.86,3.63,0.39,2.2,0.42,0.063,NA,0,79,,13.4,33
"Spinach(Cooked, drained, no added salt)",100克,23,2.97,3.75,0.26,2.4,0.43,0.043,NA,0,70,,3.3,30
"Spinach(Cook, drain, add salt)",100克,23,2.97,3.75,0.26,2.4,0.43,0.043,NA,0,306,,17.6,27
Spinach(Canned without added salt and with liquids),100克,19,2.11,2.92,0.37,2.2,NA,0.06,NA,0,75,,1.8,24
"Spinach(Canned, drained)",100克,23,2.81,3.4,0.5,2.4,0.4,0.081,NA,0,322,,7.8,0
"Spinach(Can, liquids)",100克,19,2.11,2.92,0.37,1.6,NA,0.06,NA,0,319,,4.7,28
"Spinach(Snow-covered, chopped or cleaned, untreated)",100克,29,3.63,4.21,0.57,2.9,0.65,0.041,NA,0,74,,15.3,26
"Spinach(Snow-covered, chopped or cleaned leaves, cooked, drained, no added salt)",100克,34,4.01,4.8,0.87,3.7,0.51,0.157,NA,0,97,,13.1,50
"Spinach(Hide snow, chop or clean leaves, cook well, drain, add salt)",100克,34,4.01,4.8,0.87,3.7,0.51,NA,NA,0,322,,0.2,17
Radish,100克,16,0.68,3.4,0.1,1.6,1.86,0.032,NA,0,39,,8.1,7
Radish(Oriental breed),100克,18,0.6,4.1,0.1,1.6,2.5,0.03,NA,0,21,,6.8,17
"Radish(Oriental, dry)",100克,271,7.9,63.37,0.72,NA,NA,0.218,NA,0,278,,18.4,43
"Radish(Oriental variety, cooked, drained, without added salt)",100克,17,0.67,3.43,0.24,1.6,1.83,0.073,NA,0,13,,13.8,20
"Radish(Oriental variety, cooked, drained, added salt)",100克,17,0.67,3.43,0.24,1.6,1.83,0.073,NA,0,249,,18.1,10
Onion,100克,34,1.9,6.5,0.4,NA,NA,0.067,NA,0,17,,17.1,5
Garlic,100克,149,6.36,33.06,0.5,2.1,1,0.089,NA,0,17,,17.5,18
Herba Taraxaci,100克,45,2.7,9.2,0.7,3.5,0.71,0.17,NA,0,76,,2.7,21
"Herba Taraxaci(Cooked, drained, no added salt)",100克,33,2,6.4,0.6,2.9,0.5,0.146,NA,0,44,,13.8,21
"Herba Taraxaci(Cook, drain, add salt)",100克,33,2,6.4,0.6,2.9,1.62,NA,NA,0,280,,15,39
Fern,100克,34,4.55,5.54,0.4,NA,NA,NA,NA,0,1,,4.1,0
"Fern(Snow hiding, untreated)",100克,34,4.31,5.74,0.35,NA,NA,NA,NA,0,0,,19.7,21
"Mushroom(Canned, drained)",100克,25,1.87,5.09,0.29,2.4,2.34,0.038,NA,0,425,,13.3,24
Oyster mushroom,100克,33,3.31,6.09,0.41,2.3,1.11,0.02,NA,0,18,,11.4,43
Spirulina,100克,26,5.92,2.42,0.39,NA,NA,0.135,NA,0,98,,15.6,22
Spirulina(Dry),100克,290,57.47,23.9,7.72,3.6,3.1,2.65,NA,0,1048,,14.2,33
Nepotism,100克,45,3.03,9.14,0.64,0.5,0.65,0.13,NA,0,872,,13.7,35
Brown mushroom,100克,22,2.11,3.87,0.35,1.3,2.5,0.06,0.004,0,9,,12.7,47
Brown mushroom(Baking),100克,29,3.28,4.44,0.58,2.2,2.26,0.079,0,0,11,,13.7,5
Broccoli,100克,34,2.82,6.64,0.37,2.6,1.7,0.039,NA,0,33,,15.8,15
"Broccoli(Cooked, drained, no added salt)",100克,35,2.38,7.18,0.41,3.3,1.39,0.079,NA,0,41,,6.9,6
"Broccoli(Cook, drain, add salt)",100克,35,2.38,7.18,0.41,3.3,1.39,0.079,NA,0,262,,17.6,21
"Broccoli(Snow hidden, chopped, untreated)",100克,26,2.81,4.78,0.29,3,1.35,0.044,NA,0,24,,6.2,9
"Broccoli(Snow, chopped, cooked, drained, no added salt)",100克,28,3.1,5.35,0.12,3,1.47,0.018,NA,0,11,,13.4,0
"Broccoli(Snow, chopped, cooked, drained, added salt)",100克,28,3.1,5.35,0.12,3,1.47,0.018,NA,0,260,,2.1,11
Broccoli leaves,100克,28,2.98,5.24,0.35,NA,NA,0.054,NA,0,27,,17.6,12
"Broccoli seedlings(Snow hiding, untreated)",100克,29,3.06,5.35,0.34,3,1.47,0.052,NA,0,17,,8.6,23
"Broccoli seedlings(Snow covered, cooked, drained, no added salt)",100克,28,3.1,5.36,0.11,3,1.47,0.018,NA,0,24,,11.5,49
"Broccoli seedlings(Snowed, cooked, drained, added salt)",100克,28,3.1,5.35,0.11,3,1.44,0.018,NA,0,260,,16.4,24
Broccoli,100克,28,2.98,5.24,0.35,NA,NA,0.054,NA,0,27,,7.8,1
Broccoli stem,100克,28,2.98,5.24,0.35,NA,NA,0.054,NA,0,27,,0.2,37
American food,100克,11,2.3,1.29,0.1,0.5,0.2,0.027,NA,0,41,,12,2
Spanish pepper(Canned),100克,23,1.1,5.1,0.3,1.9,2.71,0.045,NA,0,14,,7,34
"Tomato(Crushing, canned)",100克,32,1.64,7.29,0.28,1.9,NA,0.04,NA,0,132,,6.8,33
Tomato(Dry in the sun),100克,258,14.11,55.76,2.97,12.3,37.59,0.426,NA,0,2095,,17.9,12
"Tomato(Dry in the sun, soak in oil, drain oil)",100克,213,5.06,23.33,14.08,5.8,NA,1.893,NA,0,266,,6.3,14
Tomato pulp(Canned without added salt),100克,38,1.65,8.98,0.21,1.9,4.83,0.029,NA,0,28,,12.2,43
"Tomato pulp(Can, add salt)",100克,38,1.65,8.98,0.21,1.9,4.83,0.029,NA,0,399,,16.6,29
Tomato powder,100克,302,12.91,74.68,0.44,16.5,43.9,0.062,NA,0,134,,19.5,19
Tomato paste(Canned without added salt),100克,82,4.32,18.91,0.47,4.1,12.18,0.1,NA,0,98,,0.8,17
"Tomato paste(Can, add salt)",100克,82,4.32,18.91,0.47,4.1,12.18,0.1,NA,0,790,,9.3,11
Celery,100克,16,0.69,2.97,0.17,1.6,1.83,0.042,NA,0,80,,6.1,13
"Celery(Cooked, drained, no added salt)",100克,18,0.83,4,0.16,1.6,2.37,0.04,NA,0,91,,9.9,25
"Celery(Cook, drain, add salt)",100克,18,0.83,4,0.16,1.6,2.37,0.04,NA,0,327,,5.3,30
Squash,100克,16,1.21,3.35,0.18,1.1,2.2,0.044,NA,0,2,,19.6,11
"Squash(Cooked, drained, no added salt)",100克,20,0.91,4.31,0.31,1.4,2.59,0.064,NA,0,1,,13.5,10
"Squash(Cook, drain, add salt)",100克,20,0.91,4.31,0.31,1.4,2.59,0.064,NA,0,237,,19.9,12
Cowpea leaf,100克,29,4.1,4.82,0.25,NA,NA,0.066,NA,0,7,,10.6,43
"Cowpea leaf(Cooked, drained, no added salt)",100克,22,4.67,2.8,0.1,NA,NA,0.026,NA,0,6,,12.3,27
"Cowpea leaf(Cook, drain, add salt)",100克,22,4.67,2.8,0.1,NA,NA,0.026,NA,0,242,,18.6,30
Pea and carrot(Canned without added salt and with liquids),100克,38,2.17,8.48,0.27,3.3,2.83,0.049,NA,0,4,,3.7,38
"Pea and carrot(Can, liquids)",100克,38,2.17,8.48,0.27,2,NA,0.049,NA,0,260,,3.1,12
"Pea and carrot(Snow hiding, untreated)",100克,53,3.4,11.15,0.47,3.4,NA,0.084,NA,0,79,,8,39
"Pea and carrot(Snow covered, cooked, drained, no added salt)",100克,48,3.09,10.12,0.42,3.1,4.36,0.077,NA,0,68,,20,48
"Pea and carrot(Snowed, cooked, drained, added salt)",100克,48,3.09,10.12,0.42,3.1,4.36,0.077,NA,0,304,,3.4,30
Pea bud,100克,124,8.8,27.11,0.68,NA,NA,0.124,NA,0,20,,4.3,30
"Pea bud(Cooked, drained, no added salt)",100克,98,7.05,17.08,0.51,NA,NA,0.09,NA,0,3,,10.9,20
"Pea bud(Cook, drain, add salt)",100克,98,7.05,17.08,0.51,NA,NA,0.09,NA,0,239,,14.6,34
Moringa leaf,100克,64,9.4,8.28,1.4,2,NA,NA,NA,0,9,,16.3,15
"Moringa leaf(Cooked, drained, no added salt)",100克,60,5.27,11.15,0.93,2,1,0.152,NA,0,9,,2.9,24
"Moringa leaf(Cook, drain, add salt)",100克,60,5.27,11.15,0.93,2,1,NA,NA,0,245,,0.2,32
Pepper(Dry in the sun),100克,324,10.58,69.86,5.81,28.7,41.06,0.813,NA,0,91,,15.9,39
Pepper(Canned),100克,118,7.53,6.1,7.1,NA,NA,2.255,NA,21,389,,6.3,40
Mini carrot,100克,35,0.64,8.24,0.13,2.9,4.76,0.023,NA,0,78,,1.7,24
Mini jade melon,100克,21,2.71,3.11,0.4,1.1,NA,0.083,NA,0,3,,1.3,39
Herb,100克,19,2.6,3.14,0.2,2.1,NA,NA,NA,0,113,,3.1,41
"Herb(Cooked, drained, no added salt)",100克,20,2.08,3.71,0.24,1.9,NA,0.039,NA,0,122,,12,7
"Herb(Cook, drain, add salt)",100克,20,2.08,3.71,0.24,1.9,NA,NA,NA,0,358,,11.3,25
Acid mold,100克,22,2,3.2,0.7,2.9,NA,NA,NA,0,4,,15.9,17
"Acid mold(Cooked, drained, no added salt)",100克,20,1.83,2.93,0.64,2.6,NA,NA,NA,0,3,,9.1,9
"Acid mold(Cook, drain, add salt)",100克,20,1.83,2.93,0.64,NA,NA,NA,NA,0,239,,7.1,27
"Pickled vegetable(Canned, low sodium)",100克,22,0.9,4.35,0.1,2.5,1.78,0.026,NA,0,308,,5.8,21
"Pickled vegetable(Can, liquids)",100克,19,0.91,4.28,0.14,2.9,1.78,0.034,NA,0,661,,2.5,31
Golden mushroom,100克,37,2.66,7.81,0.29,2.7,0.22,0.02,NA,0,3,,19.5,11
Broccoli,100克,31,2.95,6.09,0.3,3.2,3.03,0.047,NA,0,23,,8.3,26
"Broccoli(Cooked, no added salt)",100克,32,3.04,6.28,0.31,3.3,NA,0.049,NA,0,23,,8,30
"Broccoli(Cooked, added salt)",100克,32,3.04,6.28,0.31,3.3,NA,0.049,NA,0,259,,9.2,8
Green pepper,100克,20,0.86,4.64,0.17,1.7,2.4,0.058,NA,0,3,,10.6,18
Green pepper(Freeze drying),100克,314,17.9,68.7,3,21.3,38.48,0.447,NA,0,193,,4.3,44
Green pepper(Blast!),100克,127,0.78,4.22,11.85,1.8,2.17,1.59,NA,0,17,,6.4,25
"Green pepper(Cooked, drained, no added salt)",100克,28,0.92,6.7,0.2,1.2,3.19,0.029,NA,0,2,,8.5,3
"Green pepper(Cook, drain, add salt)",100克,26,0.92,6.11,0.2,1.2,3.19,0.029,NA,0,238,,8.5,3
"Green pepper(Can, liquids)",100克,18,0.8,3.9,0.3,1.2,NA,0.045,NA,0,1369,,6.5,21
"Green pepper(Snow hidden, chopped, untreated)",100克,20,1.08,4.45,0.21,1.6,NA,0.031,NA,0,5,,9.6,8
"Green pepper(Snow, chopped, cooked, drained, no added salt)",100克,18,0.95,3.9,0.18,0.9,NA,0.027,NA,0,4,,19,41
"Green pepper(Snow, chopped, cooked, drained, added salt)",100克,16,0.95,3.31,0.18,NA,NA,0.027,NA,0,240,,12.3,35
Cucumber(Peeling),100克,12,0.59,2.16,0.16,0.7,1.38,0.013,NA,0,2,,13.6,7
Cucumber(Peeling),100克,15,0.65,3.63,0.11,0.5,1.67,0.037,NA,0,2,,18.6,48
Green or red onions [including leaves and onions],100克,32,1.83,7.34,0.19,2.6,2.33,0.032,NA,0,16,,13.7,17
Green tomato,100克,23,1.2,5.1,0.2,1.1,4,0.028,NA,0,13,,17.5,17
Green chili,100克,40,2,9.46,0.2,1.5,5.1,0.021,NA,0,7,,3.2,47
Green chili(Canned),100克,21,0.72,4.6,0.27,1.7,NA,0.028,NA,0,397,,3.1,28
Leek [Scallop],100克,61,1.5,14.15,0.3,1.8,3.9,0.04,NA,0,20,,19.6,23
Leek [Scallop](Freeze drying),100克,321,15.2,74.65,2.1,10.4,NA,0.279,NA,0,35,,2.5,39
"Leek [Scallop](Cooked, drained, no added salt)",100克,31,0.81,7.62,0.2,1,2.11,0.027,NA,0,10,,17.8,32
"Leek [Scallop](Cook, drain, add salt)",100克,31,0.81,7.62,0.2,1,2.11,0.027,NA,0,246,,4.7,48
Lentinus edodes,100克,34,2.24,6.79,0.49,2.5,0,NA,NA,NA,9,,12.6,37
Lentinus edodes(Dry),100克,296,9.58,75.37,0.99,11.5,2.21,0.269,NA,0,13,,6,12
Lentinus edodes(Fry),100克,39,3.45,7.68,0.35,3.6,0.3,0.03,NA,0,5,,2.2,47
"Lentinus edodes(Cooked, no added salt)",100克,56,1.56,14.39,0.22,2.1,0,0.06,NA,0,4,,9.1,39
"Lentinus edodes(Cooked, added salt)",100克,56,1.56,14.39,0.22,2.1,0,0.06,NA,0,240,,15.7,28
Horseshoe,100克,97,1.4,23.94,0.1,3,4.8,0.026,NA,0,14,,1,50
"Horseshoe(Can, liquids)",100克,50,0.88,12.3,0.06,2.5,2.46,0.016,NA,0,8,,19.5,40
Potato(Peel and cook without salt),100克,86,1.71,20.01,0.1,1.8,0.85,0.026,NA,0,5,,13.6,47
"Potato(Peel and cook, add salt)",100克,86,1.71,20.01,0.1,2,0.85,0.026,NA,0,241,,14.6,43
Potato(Bake without salt),100克,93,1.96,21.55,0.1,1.5,1.7,0.026,NA,0,5,,18,33
"Potato(Bake, add salt)",100克,93,1.96,21.55,0.1,1.5,1.7,0.026,NA,0,241,,7.6,45
"Potato(Baked, peeled, no salt added)",100克,93,2.5,21.15,0.13,2.2,1.18,0.035,NA,0,10,,17.5,18
"Potato(Bake, peel, add salt)",100克,93,2.5,21.15,0.13,2.2,1.18,0.035,NA,0,244,,18.9,7
"Potato(Canned, drained)",100克,60,1.41,13.61,0.21,2.3,NA,0.054,NA,0,219,,14.3,18
"Potato(Can, drain, no added salt)",100克,62,1.4,13.6,0.2,2.4,0.59,0.051,NA,0,5,,19.2,35
"Potato(Can, liquids)",100克,44,1.2,9.89,0.11,1.4,NA,0.029,NA,0,217,,9.4,47
Potato(Peeling),100克,77,2.02,17.47,0.09,2.2,0.78,0.026,NA,0,6,,14.4,26
Potato(The skin is cooked in a microwave oven without adding salt),100克,105,2.44,24.24,0.1,2.3,NA,0.026,NA,0,8,,3.2,25
Potato(The skin is cooked in a microwave oven without adding salt),100克,100,2.1,23.28,0.1,1.6,NA,0.026,NA,0,7,,8.6,40
Potato(Cook in microwave oven and add salt),100克,100,2.1,23.28,0.1,1.6,NA,0.026,NA,0,243,,16.9,36
Potato(Cook in microwave oven and add salt),100克,105,2.44,24.24,0.1,2.3,NA,0.026,NA,0,244,,19.7,16
Potato(Peel well without salt),100克,87,1.87,20.13,0.1,1.8,0.87,0.026,NA,0,4,,7.9,4
"Potato(Peel well, add salt)",100克,87,1.87,20.13,0.1,2,0.87,0.026,NA,0,240,,2.6,32
"Potato(Snow, whole, untreated)",100克,78,2.38,17.47,0.16,1.2,0.78,0.041,NA,0,25,,2.6,1
"Potato(Snow, whole, cooked, drained, no added salt)",100克,65,1.98,14.52,0.13,1.4,NA,0.034,NA,0,20,,5.4,6
"Potato(Snow cover, whole, cook well, drain, add salt)",100克,63,1.98,13.93,0.13,1.4,NA,0.034,NA,0,256,,15.3,17
Potato peel,100克,58,2.57,12.44,0.1,2.5,NA,0.026,NA,0,10,,17.6,38
Potato peel(Microwave without salt),100克,132,4.39,29.63,0.1,5.5,NA,0.026,NA,0,16,,11.1,16
Potato peel(Cook in microwave oven and add salt),100克,132,4.39,29.63,0.1,5.5,NA,0.026,NA,0,252,,13.4,24
Potato peel(Cooked without salt),100克,78,2.86,17.21,0.1,3.3,NA,0.026,NA,0,14,,5.1,43
"Potato peel(Cook well, add salt)",100克,78,2.86,17.2,0.1,3.3,NA,0.026,NA,0,250,,15.3,50
Potato peel(Bake without salt),100克,198,4.29,46.06,0.1,7.9,1.4,0.026,NA,0,21,,10,10
"Potato peel(Bake, add salt)",100克,198,4.29,46.06,0.1,7.9,1.4,0.026,NA,0,257,,9.4,20
Potato flour,100克,357,6.9,83.1,0.34,5.9,3.52,0.09,NA,0,55,,9.5,11
Portulaca oleracea,100克,16,1.3,3.43,0.1,NA,NA,NA,NA,0,45,,17.1,36
"Portulaca oleracea(Cooked, drained, no added salt)",100克,18,1.49,3.55,0.19,NA,NA,NA,NA,0,44,,8.3,7
"Portulaca oleracea(Cook, drain, add salt)",100克,18,1.49,3.55,0.19,NA,NA,NA,NA,0,280,,11.1,29
Shark-finned melon,100克,31,0.64,6.91,0.57,NA,NA,0.117,NA,0,17,,10.8,7
"Shark-finned melon(Cooked, drained or baked without added salt)",100克,27,0.66,6.46,0.26,1.4,2.53,0.062,NA,0,18,,14,25
Yellow onion(Blast!),100克,132,0.95,7.86,10.8,1.7,NA,NA,NA,NA,12,,7.8,5
Yellow lantern pepper,100克,27,1,6.32,0.21,0.9,NA,0.031,NA,0,2,,5.4,39
Yellow sweet corn,100克,86,3.27,18.7,1.35,2,6.26,0.325,0.007,0,15,,2.9,27
"Yellow sweet corn(Whole grain, snow, microwave cooking)",100克,131,3.62,25.87,1.42,2.6,3.36,0.15,NA,0,4,,6.1,15
"Yellow sweet corn(Cooked, drained, no added salt)",100克,96,3.41,20.98,1.5,2.4,4.54,0.197,NA,0,1,,15.1,50
"Yellow sweet corn(Cook, drain, add salt)",100克,96,3.41,20.98,1.5,2.4,4.54,0.197,NA,0,253,,13.7,43
"Yellow sweet corn(Canned, granulated, drained)",100克,81,2.64,18.8,0.93,1.9,3.04,0.173,NA,0,298,,19.2,12
Yellow sweet corn(Canned without added salt and with liquids),100克,64,1.95,15.41,0.5,1.7,2.83,0.077,NA,0,12,,0,11
"Yellow sweet corn(Canned, immersed in salt water)",100克,64,1.95,15.41,0.5,1.7,2.83,0.077,NA,0,213,,15.2,17
"Yellow sweet corn(Canned, vacuum packed)",100克,79,2.41,19.44,0.5,2,3.56,0.077,NA,0,272,,14.8,22
"Yellow sweet corn(Canned, vacuum packed, no added salt)",100克,79,2.41,19.44,0.5,2,3.56,0.077,NA,0,3,,2.2,0
"Yellow sweet corn(Grain cut from spike, untreated)",100克,88,3.02,20.71,0.78,2.1,2.5,0.119,NA,0,3,,15.4,36
"Yellow sweet corn(Snow storage, corn grains cut from spike, boiled, drained, no added salt)",100克,81,2.55,19.3,0.67,2.4,3.07,0.103,NA,0,1,,18.3,7
"Yellow sweet corn(Snow, corn grains cut from spike, boiled, drained, added salt)",100克,79,2.55,18.71,0.67,2.4,3.07,0.066,NA,0,245,,6.1,42
"Yellow sweet corn(Millet grains attached to spike, untreated)",100克,98,3.28,23.5,0.78,2.8,3.78,0.12,NA,0,5,,8.6,30
"Yellow sweet corn(Snow storage, corn grains attached to spike, cooked, drained, no added salt)",100克,93,3.11,22.33,0.74,2.8,3.59,0.114,NA,0,4,,4.5,10
"Yellow sweet corn(Snow, corn grains attached to spike, cooked, drained, added salt)",100克,93,3.11,22.33,0.74,2.8,3.59,0.114,NA,0,240,,19.1,18
Yellow sweet corn soup(Canned),100克,72,1.74,18.13,0.42,1.2,3.23,0.065,NA,0,285,,2.4,43
Yellow sweet corn soup(Canned without added salt),100克,72,1.74,18.13,0.42,1.2,3.23,0.065,NA,0,3,,0.7,13
Yellow tomato,100克,15,0.98,2.98,0.26,0.7,NA,0.036,NA,0,23,,6.1,30
Mucilage,100克,32,0.96,5.84,1.02,1.9,3.93,0.139,NA,0,1,,6.7,1
Luffa,100克,21,1,4.2,0.2,0.6,NA,NA,NA,NA,2.6,,16.8,10
"Cabbage [Cabbage, Cabbage]",100克,28,2.6,4.2,0.4,1.4,NA,NA,NA,NA,115.5,,7.3,33
Milk cucumber [tender cucumber],100克,36,1.7,7.4,0.3,1.8,NA,NA,NA,NA,3087.1,,1.2,5
Herba Euphorbiae Humifusae,100克,57,4.6,11.5,0.2,4.5,NA,NA,NA,NA,NA,,17.1,12
Mixed vegetables,100克,38,2.9,6.2,0.5,1.6,NA,NA,NA,NA,4092.7,,6.1,25
"Bergamot [cantaloupe, dish pear]",100克,19,1.2,3.8,0.1,1.2,NA,NA,NA,NA,1,,17.7,13
Babao,100克,78,4.6,13.4,1.4,3.2,NA,NA,NA,NA,2843.2,,13.1,26
"Winter dishes [Amaranth, Malva]",100克,34,3.9,4.9,0.4,2.2,NA,NA,NA,NA,14,,7,4
Winter melon,100克,12,0.4,2.6,0.2,0.7,NA,NA,NA,NA,1.8,,10.2,30
Winter shoot,100克,42,4.1,6.5,0.1,0.8,NA,NA,NA,NA,NA,,11.1,36
Pleurotus ostreatus [Golden stipe],100克,277,17.8,64.6,1.3,32.3,NA,NA,NA,NA,20.4,,6,35
Winter food,100克,52,3.5,10.1,0.3,2.8,NA,NA,NA,NA,7228.6,,0.6,29
"Split onion [four seasons onion, green onion]",100克,34,2.2,5.1,0.7,0.7,NA,NA,NA,NA,7.7,,14.2,0
"Pumpkin [Pumpkin, Pumpkin]",100克,23,0.7,5.3,0.1,0.8,NA,NA,NA,NA,0.8,,9.2,28
Preserved pumpkin,100克,337,0.9,83.3,0.2,0.7,NA,NA,NA,NA,16.4,,11.2,29
Pumpkin powder,100克,343,7.1,79.6,2.1,11.5,NA,NA,NA,NA,83.6,,17.8,1
Agaricus bisporus [Agaricus bisporus],100克,26,4.2,2.7,0.1,1.5,NA,NA,NA,NA,2,,2.3,17
Germinating beans,100克,131,12.4,19.4,0.7,1.3,NA,NA,NA,NA,3.9,,7,34
Dried [fairy],100克,259,20.2,60.8,0.5,35,NA,NA,NA,NA,100.7,,12.1,47
Red turnip [red-skinned turnip],100克,29,1.2,6.4,0.1,1.2,NA,NA,NA,NA,68,,11.2,33
Mushroom(White mushroom),100克,277,38.7,31.6,3.3,17.2,NA,NA,NA,NA,5.2,,4.4,0
Salted Allium mongolicum [Allium mongolicum],100克,28,2.4,3.8,0.8,1.8,NA,NA,NA,NA,1712.4,,10.6,12
Lichens(Water immersion),100克,10,1.5,1.8,ND,1.8,NA,NA,NA,NA,10.7,,3,44
Cabbage(Mean),100克,18,1.5,3.2,0.1,0.8,NA,NA,NA,NA,57.5,,18.1,5
Chinese cabbage [yellow bud white],100克,22,1.7,3.7,0.2,0.6,NA,NA,NA,NA,89.3,,9.4,37
Cabbage(White mouth),100克,17,1.4,3,0.1,0.9,NA,NA,NA,NA,48.4,,2.7,15
Pleurotus ostreatus [dry],100克,263,24.4,50.9,2.8,31.6,NA,NA,NA,NA,1.7,,15.6,8
Onion,100克,33,1.7,6.5,0.3,1.3,NA,NA,NA,NA,4.8,,4.9,39
Onion(Red skin),100克,49,2.4,10.2,0.1,1.3,NA,NA,NA,NA,3.4,,18.3,38
Garlic(Purple skin),100克,139,5.2,29.6,0.2,1.2,NA,NA,NA,NA,8.3,,15.6,48
Garlic(Dehydration),100克,348,13.2,75.4,0.3,4.5,NA,NA,NA,NA,36.8,,19.7,19
Garlic [garlic],100克,128,4.5,27.6,0.2,1.1,NA,NA,NA,NA,19.6,,17.7,38
Large potato [crispy potato],100克,108,2.1,24.9,0.2,1.1,NA,NA,NA,NA,NA,,9.9,42
Ginger [tender ginger],100克,21,0.7,3.7,0.6,0.9,NA,NA,NA,NA,1.9,,5.9,42
Ginger(Dry),100克,308,9.1,64,5.7,17.7,NA,NA,NA,NA,9.9,,17.5,11
Ginger(Bad),100克,30,1.6,4.8,0.8,1.4,NA,NA,NA,NA,9686,,7.4,4
Ginger [yellow ginger],100克,46,1.3,10.3,0.6,2.7,NA,NA,NA,NA,14.9,,15.1,49
Brahmin(White),100克,NA,NA,NA,NA,0.3,NA,NA,NA,NA,7.5,,3,0
Brahmannia [Black],100克,NA,NA,NA,NA,0.3,NA,NA,NA,NA,73.1,,2,39
Cabbage,100克,17,1.5,2.7,0.3,1.1,NA,NA,NA,NA,73.5,,14.3,38
Shallots,100克,27,1.6,4.9,0.4,1.4,NA,NA,NA,NA,10.4,,8.3,15
Cucumber,100克,22,0.7,4.8,NA,NA,NA,NA,NA,NA,1.7,,13.9,37
Yam(Dry),100克,327,9.4,70.8,1,1.4,NA,NA,NA,NA,104.2,,13,2
Yam [Dioscorea zingiberensis],100克,57,1.9,12.4,0.2,0.8,NA,NA,NA,NA,18.6,,2.1,8
Pleurotus ostreatus [Pleurotus ostreatus],100克,24,1.9,4.6,0.3,2.3,NA,NA,NA,NA,3.8,,11.9,21
Psychic radish,100克,23,0.8,4.9,0.2,0.8,NA,NA,NA,NA,85.4,,0,50
"Pleurotus ostreatus [black taro, white ground fruit]",100克,97,4.6,19.9,0.2,1.4,NA,NA,NA,NA,39.1,,13.1,11
Mushroom,100克,25,2.4,5.1,0.1,2.8,NA,NA,NA,NA,6,,1.1,6
Red mushroom(Dry),100克,263,18.4,58.1,0.7,24.6,NA,NA,NA,NA,4.3,,3.2,39
Herba Ardisiae Japonicae,100克,54,2.7,10.9,0.2,1.1,NA,NA,NA,NA,164.5,,19.1,46
Auricularia auricula [Auricularia auricula],100克,265,12.1,65.6,1.5,29.9,NA,NA,NA,NA,48.5,,13.1,6
Auricularia [Auricularia auricula],100克,27,1.5,6,0.2,2.6,NA,NA,NA,NA,8.5,,2.7,32
Cassava,100克,119,2.1,27.8,0.3,1.6,NA,NA,NA,NA,8,,12.9,8
"Mushroom, dry [Mushroom, Tricholoma matsutake]",100克,207,20.3,48.2,3.2,47.8,NA,NA,NA,NA,4.3,,13.4,11
Lycium barbarum [Lycium barbarum],100克,47,5.6,4.5,1.1,1.6,NA,NA,NA,NA,29.8,,9.5,11
Sweet osmanthus [Fructus Citri Sarcodactylis],100克,54,3.2,10.4,0.4,1.8,NA,NA,NA,NA,6060.6,,7.5,38
Osmanthus root powder,100克,344,0.4,85.3,0.1,ND,NA,NA,NA,NA,6.5,,11.3,45
Hazelnut mushroom [Armillaria pseudorabies],100克,178,9.5,31.9,3.7,10.4,NA,NA,NA,NA,51.3,,11.7,9
Hazelnut(Water hair),100克,53,2.8,9.4,1.1,3.1,NA,NA,NA,NA,15.1,,12.8,38
Pickled vegetable,100克,33,2.2,6.5,0.3,2.1,NA,NA,NA,NA,4252.6,,14.2,20
Areca,100克,90,3,19.7,0.1,1.1,NA,NA,NA,NA,NA,,1.3,24
"Herba Pteridis Multifidae [Grass Bean, Securinegae Suffruticosa]",100克,74,2.5,17.9,0.3,5.4,NA,NA,NA,NA,NA,,11.7,32
Bamboo shoots [Phyllostachys pubescens],100克,23,2.2,3.8,0.2,1.3,NA,NA,NA,NA,5.2,,19.7,29
Celery,100克,13,1.4,1.8,0.2,0.9,NA,NA,NA,NA,40.9,,6.9,27
Water radish [crisp radish],100克,22,0.8,5.5,ND,1.4,NA,NA,NA,NA,9.7,,7,21
Soup,100克,24,1.8,3.4,0.5,0.8,NA,NA,NA,NA,28,,1.5,13
Rapeseed,100克,25,1.8,3.8,0.5,1.1,NA,NA,NA,NA,55.8,,2.5,48
Rapeseed(Small),100克,12,1.3,1.6,0.2,0.7,NA,NA,NA,NA,53,,9.9,0
Rapeseed(Dehydration),100克,316,7.6,74.3,0.6,8.6,NA,NA,NA,NA,405.3,,8.5,26
Rapeseed(Black),100克,19,1.8,2.9,0.2,0.9,NA,NA,NA,NA,98.8,,10.7,29
Brassica napus [Brassica napus],100克,24,3.2,3,0.4,2,NA,NA,NA,NA,83.2,,11.8,49
Pickled ginger [Jerusalem artichoke],100克,36,2.6,6.8,ND,1,NA,NA,NA,NA,5443.3,,16.6,19
Ginger [Jerusalem artichoke],100克,64,2.4,15.8,ND,4.3,NA,NA,NA,NA,11.5,,14.1,15
"Onion(White skin, dehydrated)",100克,342,5.5,81.9,0.4,5.7,NA,NA,NA,NA,31.7,,5.6,10
"Onion(Purple skin, dehydrated)",100克,339,6.9,80.6,0.4,7.5,NA,NA,NA,NA,77.4,,17,0
Onions [onions],100克,40,1.1,9,0.2,0.9,NA,NA,NA,NA,4.4,,16.8,40
"Seafood [Stonehenge, Seafood]",100克,314,5.4,72.9,0.1,NA,NA,NA,NA,NA,380.8,,0.3,39
"Kelp, dry [Chinese cabbage, kelp]",100克,90,1.8,23.4,0.1,6.1,NA,NA,NA,NA,327.4,,13.3,41
"Kelp [Chinese cabbage, kelp]",100克,16,1.1,3,0.1,0.9,NA,NA,NA,NA,107.6,,18.1,38
Kelp [Chinese cabbage],100克,13,1.2,2.1,0.1,0.5,NA,NA,NA,NA,8.6,,2.9,12
Dog sprout,100克,27,1.3,6.5,0.1,2.4,NA,NA,NA,NA,2777.4,,17.7,46
Lounge,100克,NA,NA,NA,NA,1.6,NA,NA,NA,NA,120.8,,15,7
Hericium erinaceus(Canned),100克,21,2,4.9,0.2,4.2,NA,NA,NA,NA,175.2,,3,25
Magnolia tablet,100克,66,2.6,18.6,0.4,11.3,NA,NA,NA,NA,1.9,,14.2,44
Corn(Fresh),100克,112,4,22.8,1.2,2.9,NA,NA,NA,NA,1.1,,14.3,24
Corn shoot(Can),100克,16,1.1,4.9,0.2,4.9,NA,NA,NA,NA,170.9,,19.3,33
White mushroom(Dry),100克,258,18.3,56.3,0.7,23.3,NA,NA,NA,NA,4.4,,14.7,2
Pearl flower,100克,NA,NA,NA,NA,0,NA,NA,NA,NA,0.7,,1.9,14
Corm anise,100克,NA,NA,NA,NA,0.3,NA,NA,NA,NA,77.2,,18.2,7
Agar [Porphyra Gum],100克,311,1.1,76.3,0.2,0.1,NA,NA,NA,NA,3.3,,9.8,28
Ladle white [ladle],100克,18,1.7,3.2,0.2,1.6,NA,NA,NA,NA,56.9,,7.5,47
"Cabbage [cabbage, cabbage]",100克,24,1.5,4.6,0.2,1,NA,NA,NA,NA,27.2,,0.2,18
Sweet potato [red potato],100克,106,1.4,25.2,0.2,1,NA,NA,NA,NA,58.2,,15.1,49
Sweet potato [sweet potato],100克,102,1.1,24.7,0.2,1.6,NA,NA,NA,NA,28.5,,9.9,14
Sweet potato chips [dried sweet potato],100克,344,4.7,80.5,0.8,2,NA,NA,NA,NA,26.4,,8.9,26
Sweet potato powder [ground melon powder],100克,336,2.7,80.9,0.2,0.1,NA,NA,NA,NA,26.4,,2.8,19
Sweet pepper(Dehydration),100克,324,7.6,76.6,0.4,8.3,NA,NA,NA,NA,26,,19.8,16
"Sweet pepper [lantern pepper, persimmon pepper]",100克,25,1,5.4,0.2,1.4,NA,NA,NA,NA,3.3,,3.3,28
Beet leaves,100克,22,1.8,4,0.1,1.3,NA,NA,NA,0,201,,14.2,37
"Beet root [beet head, sugar radish]",100克,87,1,23.5,0.1,5.9,NA,NA,NA,NA,20.8,,13,8
Sweet and spicy cucumber,100克,102,2.8,22.8,0.2,1.2,NA,NA,NA,NA,NA,,8,18
Sweet and sour,100克,98,0.5,23,0.5,0.4,NA,NA,NA,NA,809,,7.4,12
Lettuce(Leaf lettuce),100克,15,1.3,2,0.3,0.7,NA,NA,NA,NA,32.8,,1.5,44
Lettuce [oil wheat],100克,16,1.4,2.1,0.4,0.6,NA,NA,NA,NA,80,,12.7,0
"Apricot [summer spinach, New Zealand spinach]",100克,NA,NA,NA,NA,2.1,NA,NA,NA,NA,28,,8.5,25
"Tomato(Whole, can.)",100克,22,2,2.6,0.6,0.8,NA,NA,NA,NA,246.9,,14.1,42
Tomato [tomato],100克,20,0.9,4,0.2,0.5,NA,NA,NA,NA,5,,15.5,18
White shoot(Dry),100克,282,26,57.1,4,43.2,NA,NA,NA,NA,0.7,,16.1,2
Cabbage(Dehydration),100克,305,6.2,72.9,0.8,9.4,NA,NA,NA,NA,492.5,,12.9,35
Chinese cabbage [Brassica chinensis],100克,28,2.8,4,0.5,1.7,NA,NA,NA,NA,26,,5.6,6
Radish [Raphani],100克,23,0.9,5,0.1,1,NA,NA,NA,NA,61.8,,17.7,46
Sweet potato leaves [sweet potato leaves],100克,60,4.8,9,0.7,1,NA,NA,NA,NA,41.6,,13.8,25
Lily,100克,166,3.2,38.8,0.1,1.7,NA,NA,NA,NA,6.7,,8.3,20
Lily(Dry),100克,346,6.7,79.5,0.5,1.7,NA,NA,NA,NA,37.3,,7.4,30
Lily(Dehydration),100克,346,8.1,79.1,0.1,1.7,NA,NA,NA,NA,69.8,,15.8,31
Abelmoschus esculentus [Abelmoschus esculentus],100克,45,2,11,0.1,3.9,NA,NA,NA,NA,3.9,,2.9,50
Bamboo shoot,100克,23,2.6,3.6,0.2,1.8,NA,NA,NA,NA,0.4,,0.3,32
Vermicelli,100克,339,0.5,84.2,0.1,0.6,NA,NA,NA,NA,9.6,,5.7,28
Porphyra(Dry),100克,250,26.7,44.1,1.1,21.6,NA,NA,NA,NA,710.5,,10.2,16
Calyx tea,100克,NA,NA,NA,NA,6.9,NA,NA,NA,NA,8.4,,16.5,10
Red heart radish,100克,41,1.2,9.8,ND,1.4,NA,NA,NA,NA,49.1,,10.2,20
Red cabbage [Porphyra],100克,43,2.9,2.7,2.5,0.9,NA,NA,NA,NA,1.5,,17.3,28
Carrot,100克,22,1,4.6,0.1,0.8,NA,NA,NA,NA,62.7,,5.3,21
"Shallots [Onion, Four Seasons]",100克,39,2.5,7.2,0.3,1.1,NA,NA,NA,NA,NA,,2.6,7
Green bean sprout,100克,19,2.1,2.9,0.1,0.8,NA,NA,NA,NA,4.4,,10,45
Morchella [dry wolf belly],100克,321,26.9,43.7,7.1,12.9,NA,NA,NA,NA,33.6,,14.6,13
Carrot [red],100克,39,1,8.8,0.2,1.1,NA,NA,NA,NA,71.4,,8.9,12
Carrot(Dehydration),100克,333,4.2,77.9,1.9,6.4,NA,NA,NA,NA,300.7,,10,35
Carrot(Yellow),100克,46,1.4,10.2,0.2,1.3,NA,NA,NA,NA,25.1,,15.3,42
Carrot tassel(Red),100克,48,1.7,11.3,0.4,4,NA,NA,NA,NA,74.6,,18,43
"Pickled mustard [boiled mustard, boiled bumps]",100克,30,2.1,5.9,0.2,2,NA,NA,NA,NA,6834.5,,4.6,4
"Pickled mustard head [water mustard, water bumps]",100克,44,2.8,9.3,0.1,2.7,NA,NA,NA,NA,7250.7,,16.6,36
Pickled snow red,100克,29,2.4,5.4,0.2,2.1,NA,NA,NA,NA,3304.2,,1.1,48
Pickled leek flower,100克,17,1.3,2.8,0.3,1,NA,NA,NA,NA,5184,,19.6,12
Pickled Gracilaria,100克,71,1.4,17.3,ND,2,NA,NA,NA,NA,1103,,15.7,4
Artemisia argyi,100克,NA,NA,3.6,NA,3.6,NA,NA,NA,NA,0,,8.3,43
Gourd [melon],100克,15,0.6,3.4,0.1,1.2,NA,NA,NA,NA,0.2,,16.6,43
"Taro [taro, taro]",100克,81,2.2,18.1,0.2,1,NA,NA,NA,NA,33.1,,7.6,0
Mustard [Cabbage],100克,16,1.8,2,0.4,1.2,NA,NA,NA,NA,29,,2.8,31
Mustard [mustard],100克,26,2.5,3.6,0.4,1,NA,NA,NA,NA,38.9,,17.6,47
Mustard [canola],100克,13,1.3,2.8,0.2,2.8,NA,NA,NA,NA,41.1,,16.8,23
"Mustard [snow red, snow dish]",100克,27,2,4.7,0.4,1.6,NA,NA,NA,NA,30.5,,14.4,26
Mustard head [mustard],100克,36,1.9,7.4,0.2,1.4,NA,NA,NA,NA,65.6,,12.1,42
Dried mustard,100克,196,13.3,47.5,0.8,27.4,NA,NA,NA,NA,3333,,19.1,2
"Kale [Cabbage, Cabbage]",100克,22,2.8,2.6,0.4,1.6,NA,NA,NA,NA,50.5,,14.5,0
"Asparagus [Asparagus, Gracilaria]",100克,22,1.4,4.9,0.1,1.9,NA,NA,NA,NA,3.1,,1.6,21
Mosaic radish,100克,48,1.2,11.5,0.1,2.1,NA,NA,NA,NA,47.2,,15.5,0
"Celery [dry celery, medicinal celery]",100克,17,0.8,3.9,0.1,1.4,NA,NA,NA,NA,73.8,,5.9,7
Celery leaf,100克,35,2.6,5.9,0.6,2.2,NA,NA,NA,NA,83,,2.9,48
Celery stem,100克,22,1.2,4.5,0.2,1.2,NA,NA,NA,NA,159,,3,5
Amaranth [red amaranth],100克,35,2.8,5.9,0.4,1.8,NA,NA,NA,NA,42.3,,2.4,13
Amaranth(Green),100克,30,2.8,5,0.3,2.2,NA,NA,NA,NA,32.4,,2.6,7
Brassica napus [brassica napus],100克,167,19,26.3,0.4,9.1,NA,NA,NA,NA,4955,,10.7,33
"Alfalfa [grass head, broccoli]",100克,64,3.9,10.9,1,2.1,NA,NA,NA,NA,5.8,,17.2,40
"Brassica napus [Brassica napus, Brassica napus]",100克,32,1.3,7,0.2,1.3,NA,NA,NA,NA,29.8,,17.7,19
Balsam pear [balsam pear],100克,22,1,4.9,0.1,1.4,NA,NA,NA,NA,2.5,,17.2,24
Bittersweet [Flowers],100克,46,2.8,10,0.6,5.4,NA,NA,NA,NA,8.7,,17.6,7
Eggplant(Circle),100克,32,1.6,6.7,0.2,1.7,NA,NA,NA,NA,3.2,,4.6,45
Eggplant(Mean),100克,23,1.1,4.9,0.2,1.3,NA,NA,NA,NA,5.4,,9.6,46
"Eggplant(Purple skin, long)",100克,23,1,5.4,0.1,1.9,NA,NA,NA,NA,6.4,,20,42
Eggplant(Green skin),100克,28,1,5.2,0.6,1.2,NA,NA,NA,NA,6.8,,0.1,43
"Zizania latifolia [Zizania latifolia, Zizania latifolia]",100克,26,1.2,5.9,0.2,1.9,NA,NA,NA,NA,5.8,,6.7,26
Anise [Foeniculum vulgare],100克,27,2.5,4.2,0.4,1.6,NA,NA,NA,NA,186.3,,10.5,22
Chrysanthemum chrysanthemum [Herba Artemisiae Scopariae],100克,24,1.9,3.9,0.3,1.2,NA,NA,NA,NA,161.3,,13,28
Volvariella volvacea [Herba Euphorbiae Humifusae],100克,27,2.7,4.3,0.2,1.6,NA,NA,NA,NA,73,,9.6,43
Buckwheat [wild buckwheat],100克,13,0.7,2.7,0.2,1.2,NA,NA,NA,NA,109.4,,15.8,19
Herba Capsellae [Herba Cirsii],100克,31,2.9,4.7,0.4,1.7,NA,NA,NA,NA,31.6,,5.8,23
"Water chestnut [horseshoe, chestnut]",100克,61,1.2,14.2,0.2,1.1,NA,NA,NA,NA,15.7,,3.7,19
Lettuce [lettuce],100克,15,1,2.8,0.1,0.6,NA,NA,NA,NA,36.5,,8.8,24
Lettuce leaves [lettuce leaves],100克,20,1.4,3.6,0.2,1,NA,NA,NA,NA,39.1,,1.5,18
Brasenia schreberi [bottled],100克,21,1.4,3.8,0.1,0.5,NA,NA,NA,NA,7.9,,19.8,38
Chicory,100克,19,1.3,3.4,0.2,0.9,NA,NA,NA,0,22,,11.5,28
Cauliflower [dehydrated cauliflower],100克,312,6.5,76.8,0.6,13.2,NA,NA,NA,NA,264.3,,18.3,34
Cauliflower [Cauliflower],100克,26,2.1,4.6,0.2,1.2,NA,NA,NA,NA,31.6,,13.8,12
Spinach(Dehydration),100克,308,6.4,75.7,0.6,12.7,NA,NA,NA,NA,242,,1.9,37
Spinach [Red Root],100克,28,2.6,4.5,0.3,1.7,NA,NA,NA,NA,85.2,,8.1,31
Ling Kok [Old] [Dragon's Kok],100克,101,4.5,21.4,0.1,1.7,NA,NA,NA,NA,5.8,,15.2,41
Dried radish,100克,67,3.3,14.6,0.2,3.4,NA,NA,NA,NA,4203,,0.5,25
Radish tassel(Radish),100克,23,1.6,4.1,0.3,1.4,NA,NA,NA,NA,43.1,,12.7,14
Radish tassel(White),100克,17,2.6,1.7,0.3,1.4,NA,NA,NA,NA,NA,,5.2,24
Radish tassel(Green),100克,38,3.1,7.6,0.1,2.9,NA,NA,NA,NA,91.4,,11.7,1
Raspberry [Auricularia],100克,23,1.6,4.3,0.3,1.5,NA,NA,NA,NA,47.2,,16.9,21
"Ge [Ge Department, Pink Ge]",100克,150,2.2,36.1,0.2,2.4,NA,NA,NA,NA,NA,,19.6,21
Gourd,100克,29,0.7,6.8,0.1,0.9,NA,NA,NA,NA,1.2,,10.3,47
Gourd [gourd],100克,16,0.7,3.5,0.1,0.8,NA,NA,NA,NA,0.6,,10.2,50
Gourd strips(Dry),100克,256,4.3,64.6,1.8,18.1,NA,NA,NA,NA,36.3,,18.6,10
Herba Artemisiae Scopariae,100克,57,3.7,9,0.7,0,NA,NA,NA,NA,1,,7.2,42
Garlic [sweet garlic],100克,117,2.1,27.6,0.2,1.7,NA,NA,NA,NA,692.2,,10.5,39
Garlic(Sauce),100克,109,4.4,23.9,0.1,2.6,NA,NA,NA,NA,3503.1,,16.8,4
Garlic coat,100克,66,2,15.4,0.1,2.5,NA,NA,NA,NA,3.8,,11.3,35
Garlic seedling,100克,40,2.1,8,0.4,1.8,NA,NA,NA,NA,5.1,,10.3,9
Garlic yellow,100克,24,2.5,3.8,0.2,1.4,NA,NA,NA,NA,7.8,,19.3,17
"Herba Taraxaci Leaves [yellow flower seedling leaves, boehmeria leaf]",100克,53,4.8,7,1.1,2.1,NA,NA,NA,NA,76,,16.2,42
"Typha [Typha, Ganpu, Zizania latifolia]",100克,14,1.2,2.4,0.1,0.9,NA,NA,NA,NA,NA,,19.1,1
Fern(Dehydration),100克,302,6.6,79.7,0.9,25.5,NA,NA,NA,NA,20.4,,2.8,48
Fern(Pickled),100克,26,2.5,4.4,0.3,2.2,NA,NA,NA,NA,990.6,,8.3,16
Fern [tassel],100克,42,1.6,9,0.4,1.8,NA,NA,NA,NA,NA,,16.9,10
Ipomoea aquatica [Cabbage],100克,23,2.2,3.6,0.3,1.4,NA,NA,NA,NA,94.3,,10.3,16
Bulbus Allii Macrostemonis [Bulbus Allii],100克,124,3.4,27.1,0.4,0.9,NA,NA,NA,NA,NA,,19.3,40
Lotus root [lotus root],100克,73,1.9,16.4,0.2,1.2,NA,NA,NA,NA,44.2,,6.3,48
Lotus root powder,100克,373,0.2,93,ND,0.1,NA,NA,NA,NA,10.8,,2,22
Mushroom(Dry),100克,294,21,52.7,4.6,21,NA,NA,NA,NA,23.3,,17.9,0
Mushroom(Fresh mushroom),100克,24,2.7,4.1,0.1,2.1,NA,NA,NA,NA,8.3,,2.5,39
"Snake melon [snake bean, bean horn]",100克,19,1.5,3.9,0.1,2,NA,NA,NA,NA,2.2,,10.6,42
Broccoli [green cauliflower],100克,36,4.1,4.3,0.6,1.6,NA,NA,NA,NA,18.8,,7,47
Squash,100克,19,0.8,3.8,0.2,0.6,NA,NA,NA,NA,5,,15.6,12
"Guanda dish [root dish, calfskin dish]",100克,16,1.7,2.1,0.3,1,NA,NA,NA,NA,260,,8.3,47
"Pasta [western, paddy mustard]",100克,20,2.9,1.5,0.5,1.2,NA,NA,NA,NA,61.2,,16.7,26
"Bean potato [cold potato, ground melon, saucepan]",100克,57,0.9,13.4,0.1,0.8,NA,NA,NA,NA,5.5,,15.8,28
Pea seedling,100克,38,4,4.6,0.8,1.9,NA,NA,NA,NA,18.5,,15.7,34
"Pepper(Red, little)",100克,38,1.3,8.9,0.4,3.2,NA,NA,NA,NA,2.6,,15.5,49
"Pepper(Red, sharp, dry)",100克,295,15,52.7,12,41.7,NA,NA,NA,NA,4,,13,43
"Pepper(Green, sharp)",100克,27,1.4,5.8,0.3,2.1,NA,NA,NA,NA,2.2,,14.7,33
Spicy radish strips,100克,41,1.4,8.5,0.5,1.8,NA,NA,NA,NA,2650.9,,14.8,46
Sauce melon,100克,112,4.7,24.8,ND,2.8,NA,NA,NA,NA,2523.2,,1,42
Herba Pteridis Multifidae,100克,41,2.4,8.4,0.3,2.4,NA,NA,NA,NA,4623.7,,18.2,23
"Sauce manna [silkworm, manna]",100克,41,2.2,8.2,0.3,1.9,NA,NA,NA,NA,2839,,15.8,48
Sauce blue silk,100克,42,5.5,5.7,ND,1.5,NA,NA,NA,NA,4981.3,,18.9,25
Sauce lettuce,100克,25,2.3,4.1,0.2,1,NA,NA,NA,NA,4665.1,,18.2,21
Sauce radish,100克,33,3.5,4.5,0.4,1.3,NA,NA,NA,NA,6880.8,,16.8,34
Sauce mushroom,100克,122,5.4,25,0.2,0.7,NA,NA,NA,NA,400,,13.8,15
Sauce cucumber,100克,26,3,3.4,0.3,1.2,NA,NA,NA,NA,3769.5,,4.8,1
Acid mold,100克,NA,NA,NA,NA,1,NA,NA,NA,NA,0,,10.4,34
Sour Chinese cabbage [sour Chinese cabbage],100克,15,1.1,2.4,0.2,0.5,NA,NA,NA,NA,43.1,,0.3,31
Sour mustard,100克,21,1.2,4.9,0.1,2.1,NA,NA,NA,NA,1164,,19.7,1
Wild amaranth [pseudoamaranth],100克,62,5.5,9.5,0.6,1.6,NA,NA,NA,NA,NA,,0.5,17
"Wild onions [shallots, wheat onions]",100克,36,2.7,6.7,0.2,1.5,NA,NA,NA,NA,NA,,2,32
"Wild garlic [garlic, wild onion]",100克,34,1,7.7,0.4,2,NA,NA,NA,NA,17.2,,11.4,31
Wild leek [leek],100克,44,3.7,7.2,0.9,4.1,NA,NA,NA,NA,NA,,0,3
Flammulina velutipes(Canned),100克,26,1,6.7,ND,2.5,NA,NA,NA,NA,238.2,,0.1,43
Flammulina velutipes [mushroom],100克,32,2.4,6,0.4,2.7,NA,NA,NA,NA,4.3,,13.6,8
Herba Euphorbiae Humifusae [Brassica napus],100克,214,19.4,34.9,1.4,7.7,NA,NA,NA,NA,59.2,,2.5,31
Money radish,100克,45,1.6,10.1,0.3,2.1,NA,NA,NA,NA,3232.5,,0.4,1
Tremella [dry] [Auricularia alba],100克,261,10,67.3,1.4,30.4,NA,NA,NA,NA,82.1,,17.1,35
Green radish,100克,33,1.3,6.8,0.2,0.8,NA,NA,NA,NA,69.9,,10.7,39
Green garlic,100克,34,2.4,6.2,0.3,1.7,NA,NA,NA,NA,9.3,,5.5,36
Noodle,100克,10,0.8,1.8,ND,NA,NA,NA,NA,NA,0.6,,11.5,33
Whip shoot [whip shoot],100克,24,2.6,6.7,ND,6.6,NA,NA,NA,NA,4.6,,7.1,33
Leeks,100克,37,2.2,7.8,0.1,1.9,NA,NA,NA,NA,1,,0.5,32
Leek,100克,29,2.4,4.6,0.4,1.4,NA,NA,NA,NA,8.1,,8.4,28
Leek yellow [leek bud],100克,24,2.3,3.9,0.2,1.2,NA,NA,NA,NA,6.9,,15.9,23
"Apricot mushroom(Dry, big)",100克,257,22.4,53.9,0.2,24.9,NA,NA,NA,NA,43.4,,14.7,6
Apricot mushroom(Dry),100克,252,33.4,37.6,1.5,22.6,NA,NA,NA,NA,21,,4.7,10
Chinese toon [Chinese toon bud],100克,50,1.7,10.9,0.4,1.8,NA,NA,NA,NA,4.6,,5.8,9
Lentinus edodes [Lentinus edodes],100克,274,20,61.7,1.2,31.6,NA,NA,NA,NA,11.2,,3.8,2
Lentinus edodes [Lentinus edodes],100克,26,2.2,5.2,0.3,3.3,NA,NA,NA,NA,1.4,,10.6,43
Coriander(Dehydration),100克,310,7.4,71.2,1.3,8.2,NA,NA,NA,NA,1217.5,,2.4,23
Coriander [coriander],100克,33,1.8,6.2,0.4,1.2,NA,NA,NA,NA,48.5,,19.8,42
"Marlene [Marlene, Chicken Intestine, Roadside Chrysanthemum]",100克,28,2.4,4.6,0.4,1.6,NA,NA,NA,NA,15.2,,10.7,20
"Potatoes [potatoes, potatoes]",100克,77,2,17.2,0.2,0.7,NA,NA,NA,NA,2.7,,10.1,9
Potatoes(Dehydration),100克,344,5.7,80.7,0.5,3.3,NA,NA,NA,NA,22.6,,11.7,44
Potato flour,100克,340,7.2,77.4,0.5,1.4,NA,NA,NA,NA,4.7,,9.7,12
"Portulaca [longevity, melon]",100克,28,2.3,3.9,0.5,0.7,NA,NA,NA,NA,NA,,7.3,33
Cucumber [pumpkin],100克,16,0.8,2.9,0.2,0.5,NA,NA,NA,NA,4.9,,19,13
Yellow mushroom(Dry),100克,203,16.4,40.1,1.5,18.3,NA,NA,NA,NA,6.1,,16.9,5
Yellow mushroom(Water hair),100克,30,4.3,4.8,0.4,4.8,NA,NA,NA,NA,1.6,,6.8,28
Soybean sprout,100克,47,4.5,4.5,1.6,1.5,NA,NA,NA,NA,7.2,,4.1,30
Black shoot(Dry),100克,268,17.6,57.5,2.4,27.2,NA,NA,NA,NA,6.2,,7.2,18
Luffa(No skin),100克,16,0.8,2.8,Trace,Trace,2.3,0.028,NA,0,0,,19.5,47
Luffa(Peeling),100克,15,1.1,2.4,Trace,1.6,2,0.032,NA,0,0,,12.6,21
Winter melon,100克,9.2,0.4,1.8,ND,1.1,1.5,0.007,NA,NA,Trace,,11.3,15
Doll dish,100克,13,1.5,1.3,Trace,1.2,1.3,0.029,NA,NA,20,,3.8,12
Small Tang cuisine,100克,12,2.3,0,0.3,1.6,0.7,0.033,NA,0,35,,4.3,26
Cabbage,100克,15,2.7,0,0.4,1.5,0.39,0.048,NA,0,18,,8.1,11
Broccoli,100克,18,1.3,2.7,Trace,1.6,2.5,0.021,NA,NA,19,,9.7,34
Water celery,100克,12,1.4,0.94,Trace,1.7,0.24,0.032,NA,0,73,,0.2,9
Oil wheat vegetable,100克,16,1.2,1.9,0.4,1.7,1.4,0.042,NA,NA,13,,8.9,49
Heartburn(No gas),100克,13,2.1,0.17,0.4,1.6,0.39,0.042,NA,0,21,,7.9,18
Heartburn(1 tablespoon oil),100克,22,2,0.56,1.3,1.6,0.38,0.19,NA,0,20,,12.5,42
Heartburn(1 teaspoon oil),100克,16,2.1,0.28,0.7,1.6,0.45,0.091,NA,0,19,,14.3,38
Fried vegetable heart,100克,70,2.5,0.34,6.6,1.6,0.44,0.91,NA,0,33,,18.3,49
Fried eggplant,100克,220,0.8,2.7,23,2.6,2.2,2.8,NA,ND,0,,5.3,29
Sweet pepper,100克,16,0.8,2.9,Trace,1.6,1.6,0.017,NA,NA,0,,19.5,26
Lettuce,100克,10,1,1.1,Trace,Trace,0.98,0.029,NA,NA,8,,1.2,49
White lettuce,100克,24,0.87,0.6,2,1.9,1,0.3,NA,ND,23,,8.5,19
Cauliflower heart,100克,20,1.8,1.2,0.91,2,0.67,0.15,NA,ND,33,,5,40
Herba Euphorbiae Humifusae,100克,15,1.7,0.4,0.7,2.3,0.2,0.53,NA,ND,47,,5.2,47
Cabbage,100克,13,1.9,0.7,Trace,1.2,0.43,0.03,NA,NA,50,,0.1,20
Baitong,100克,10,1.5,0.4,Trace,2,0.31,0.058,NA,NA,47,,9.4,42
Radix Aconiti Lateralis Preparata,100克,100,2.6,23,Trace,2.3,2.2,0.04,NA,0,0,,3.9,22
Melon,100克,15,0.8,2.6,Trace,1.5,2.1,0.029,NA,0,0,,20,18
Herba Murdanniae Divergentis,100克,24,3,1.8,0.6,2.3,1.1,0.061,NA,0,18,,11.6,42
Herba Murdanniae Divergentis(Leaf),100克,23,3.1,1.3,0.6,2.3,0.55,0.065,NA,0,25,,17.6,4
Herba Murdanniae Divergentis(Stem),100克,17,1.9,1.7,Trace,2.2,1.6,0.03,NA,0,16,,13.4,33
Mustard,100克,19,2.1,1.6,0.5,1.8,1.3,0.057,NA,0,9,,12.7,47
Amaranth,100克,13,1.9,0.48,0.4,2,0.15,0.048,NA,0,15,,7.1,38
Bitter melon,100克,7.4,0.7,1,ND,2.2,0.26,0.019,NA,NA,0,,1.6,41
Eggplant,100克,18,1,3,Trace,2.6,2.5,0.026,NA,ND,0,,3.3,28
Vegetable heart,100克,12,2.1,0.11,0.3,1.5,0.44,0.032,NA,0,30,,18.1,18
Spinach,100克,14,2.3,0.3,0.4,1.7,0.43,0.04,NA,NA,5,,6.4,16
Radish,100克,15,0.8,2.7,Trace,1,2.1,0.009,NA,NA,24,,9.7,1
Steamed gourd,100克,16,0.8,2.8,Trace,1.5,2.1,0.027,NA,0,0,,19.4,4
Broccoli,100克,22,3.1,1.4,0.5,2.7,17,0.068,NA,NA,21,,5,41
American food,100克,13,1.6,0.88,0.3,1.5,0.18,0.04,NA,0,66,,12.4,45
Lettuce,100克,12,0.9,1.9,Trace,Trace,1.6,0.023,NA,NA,51,,15.9,40
Tomato,100克,16,0.7,2.6,Trace,1.3,2.4,0.042,NA,NA,0,,18.9,48
Bean seedling,100克,30,4.2,1.8,0.7,2,0.39,0.075,NA,0,Trace,,0.1,14
Cucumber(No skin),100克,11,0.7,1.9,Trace,Trace,1.4,0.017,NA,0,0,,17.1,12
Cucumber(Peeling),100克,12,0.7,1.8,Trace,Trace,1.4,0.018,NA,0,0,,1.9,1
Qingtong,100克,13,2,0.55,0.4,2.3,0.21,0.071,NA,0,32,,17.5,49
Leek,100克,20,2.2,1.9,0.4,2.4,1.4,0.061,NA,0,0,,13,48
Leeks,100克,29,2.3,3.9,0.4,2.9,2.8,0.053,NA,0,0,,10.4,7
Leek,100克,14,1.5,1.1,0.3,1.5,1.1,0.024,NA,0,0,,3.3,32
Horseshoe,100克,53,1,12,Trace,1.1,6.8,0.055,NA,0,0,,16.2,33
Potato,100克,62,2,13,Trace,1.2,0.76,0.026,NA,NA,0,,2.1,30
Cardinal mustard,100克,19,2.3,0.7,0.3,1.8,0.7,NA,NA,0,3,,10.2,1
Pumpkin(Peeling),100克,45,1.4,6.8,0.2,2.6,6.1,0,NA,0,1,,9.6,46
"Pumpkin(Peel, pill)",100克,47,1.5,7.1,0.2,2.7,6.3,0,NA,0,1,,11.4,39
"Pumpkin(Peel, bake)",100克,53,1.7,8,0.2,3.1,7.1,0,NA,0,1,,10.4,29
Lettuce,100克,10,1,0.4,0.1,1.5,0.4,0,NA,0,26,,15.9,46
Rhubarb stem,100克,23,1.5,1.7,0.2,2.2,1.7,0,NA,0,12,,0.7,23
Ginger(Peeling),100克,32,0.8,4.8,0.4,2.8,1.7,NA,NA,0,11,,10.2,7
Ginger(Peel and fry),100克,51,1.3,7.7,0.6,4.5,2.7,NA,NA,0,18,,11.8,15
White turnip(Peeling),100克,23,1.3,3.4,0,1.7,3.2,0,NA,0,24,,3,34
"White turnip(Peel, pill)",100克,25,1.4,3.7,0,1.8,3.4,0,NA,0,25,,5.7,0
Cabbage,100克,20,2.6,0.6,0.2,2.4,0.6,0,NA,0,59,,9.4,23
Cabbage(Fry),100克,28,3.7,0.9,0.3,3.5,0.9,0,NA,0,85,,17.4,26
Kale,100克,36,3.8,2.1,0.3,4.5,2.1,NA,NA,0,30,,2.8,35
Kale(Poke),100克,38,4,2.2,0.3,4.7,2.2,NA,NA,0,30,,10.4,18
"Kale(Snow hiding, pouring, draining)",100克,45,3.2,4.6,0.3,4.7,3.1,0,NA,0,25,,5.2,10
New potato(Peeling),100克,64,2.3,12.8,0.1,NA,0.6,0,NA,0,3,,10.2,9
"New potato(Peel, pill)",100克,63,2.5,12.8,0.1,NA,0.4,0,NA,0,3,,2.4,10
"New potato(Peel, bake)",100克,96,3.5,19.4,0.2,NA,0.8,0,NA,0,5,,10,22
New potato mash(Peeling),100克,104,2.5,10.8,5.6,NA,1.4,3.6,NA,16,47,,13.2,31
Herba Ardisiae Japonicae,100克,35,2.8,1.3,0.2,8.1,0.9,0,NA,0,6,,16.7,16
Herba Ardisiae Japonicae(Poke),100克,41,3.3,1.5,0.2,9.5,1.1,0,NA,0,7,,11.2,35
"Artichoke heart(Canned, immersed in salt water, drained)",100克,25,1.9,1.2,0.3,4.7,1.1,0,NA,0,280,,17.7,4
Cassava(Peeling),100克,141,1.1,30.4,0.2,4.6,1.2,NA,NA,0,2,,4.9,47
"Cassava(Peel, pill)",100克,152,1.2,32.7,0.3,5,1.3,NA,NA,0,2,,12.6,37
Tapioca circle(Uncooked),100克,349,0,85.3,0.2,0,0,0.1,NA,0,1,,7.4,9
Tapioca circle(Poke),100克,39,0,9.1,0,0.7,0,0,NA,0,13,,3.1,42
"Miscellaneous vegetables(Snow, sauce or microwave)",100克,51,2,6.6,0.3,6.6,3,NA,NA,0,37,,13.4,19
Celery(Peeling),100克,39,1.6,2.8,0.2,5.1,2.8,0,NA,0,21,,8.1,48
"Celery(Peeling, pouring, draining)",100克,41,1.7,3,0.2,5.5,3,0,NA,0,21,,6.4,40
Broccoli,100克,24,2.1,1.9,0.2,2.7,1.9,0,NA,0,31,,10.2,47
Broccoli(Poke),100克,25,2.2,2,0.2,2.8,2,0,NA,0,31,,12.7,45
Onion ring(Fry with vegetable oil),100克,326,4.4,37.4,16.6,4.3,5,7.3,NA,5,460,,19.1,9
Gray walnut pumpkin(Peeling),100克,48,2.2,7.2,0.6,1.8,5.4,NA,NA,0,1,,4.4,46
"Gray walnut pumpkin(Peel, pill)",100克,50,2.3,7.5,0.7,1.9,5.7,NA,NA,0,1,,11,19
"Gray walnut pumpkin(Peel, bake)",100克,56,2.6,8.5,0.7,2.1,6.4,0,NA,0,1,,9.7,5
Swedish turnip(Peeling),100克,19,0.9,3.7,0,NA,3.4,0,NA,0,12,,8.8,7
"Swedish turnip(Peel, pill)",100克,20,1,4,0,NA,3.7,0,NA,0,12,,13.9,20
Carrot(Peeling),100克,32,0.8,5,0.1,3.9,5,0,NA,0,40,,10.8,43
"Carrot(Peel, pill)",100克,34,0.9,5.3,0.1,4.2,5.3,0,NA,0,40,,10.3,21
Sweet corn,100克,95,3.9,12.5,1.9,5.6,3.7,0.2,NA,0,3,,1.6,32
Sweet corn(Fresh strips),100克,105,4.2,12.8,2.8,4.8,5.3,0.3,NA,0,105,,6,22
"Sweet corn(Canned, drained)",100克,94,2.9,16.8,1,2.7,3.5,0.1,NA,0,261,,3.1,34
"Sweet corn(Canned, immersed in salt water, heated, drained)",100克,115,3.1,21.3,1,3.5,3.5,0.1,NA,0,280,,7.6,44
"Sweet corn(Snow, pour in salt water)",100克,94,3.1,16.5,1,2.6,2.6,0.1,NA,0,110,,4.3,43
"Sweet corn(Snow, uncooked)",100克,94,3,16.8,0.9,2.5,3,0.1,NA,0,5,,2.4,5
Sweet corn(Snow hide),100克,109,3.1,19.9,0.9,3.5,2.6,0.1,NA,0,8,,16.1,6
"Sweet corn shoot(Canned, immersed in salt water, heated, drained)",100克,26,1.6,2.5,0.2,3.6,1.6,0,NA,0,350,,19.2,13
Beet root(Peeling),100克,45,1.7,7.7,0.1,3.5,7.7,0,NA,0,49,,7.1,0
"Beet root(Peel, pill)",100克,49,1.9,8.3,0.1,3.8,8.3,0,NA,0,51,,17.9,33
"Beet root(Canned, drained)",100克,41,1.3,9,0.1,NA,9,0,NA,0,279,,16.4,5
Pansy(European type),100克,24,2.4,0.6,0.2,4.7,0.6,0,NA,0,58,,3.8,28
Pansy(Wrinkle leaf variety),100克,27,2.3,0.5,0.2,6.1,0.5,0,NA,0,59,,6.7,44
Cassava with white heart(Peeling),100克,155,0.6,34.1,0.3,4.6,1.2,NA,NA,0,2,,3.8,45
"Cassava with white heart(Peel, pill)",100克,166,0.6,36.7,0.3,4.9,1.3,NA,NA,0,2,,3.6,13
White broccoli,100克,27,1.6,3.4,0.1,2.7,3.4,0,NA,0,15,,18.1,22
White broccoli(Poke),100克,28,1.6,3.5,0.1,2.8,3.5,0,NA,0,14,,11.4,14
White carrot(Peeling),100克,58,1.8,10.2,0.2,3.6,4.9,0,NA,0,19,,13.2,32
"White carrot(Peel, pill)",100克,62,2,10.9,0.2,3.9,5.3,0,NA,0,20,,11.6,29
"White carrot(Peel, bake)",100克,71,2.2,12.4,0.2,4.4,6,0,NA,0,24,,9.4,39
White onion(Peeling),100克,31,1.7,4.6,0.1,2.1,4.6,0,NA,0,11,,13.5,48
White onion(Peeling),100克,32,1.7,4.8,0.1,2.2,4.8,0,NA,0,14,,3.4,14
"White onion(Peel, fry)",100克,50,2.7,7.6,0.2,3.4,7.6,0,NA,0,22,,18.8,20
Cabbage,100克,11,1.1,0.9,0,1.1,0.9,0,NA,0,6,,2.9,31
White(Peeling),100克,21,0.7,2.9,0.3,1.8,2.9,NA,NA,0,28,,11.3,14
Ruffled broccoli,100克,22,1.7,2.3,0.1,2.3,2.3,0,NA,0,23,,9.4,24
Ruffled broccoli(Drain),100克,23,1.8,2.4,0.1,2.4,2.4,0,NA,0,23,,18.9,7
Mushroom,100克,25,3.3,0.3,0.3,1.5,0.3,NA,NA,0,8,,7.2,22
Mushroom(Fry),100克,47,6.2,0.5,0.5,2.9,0.5,NA,NA,0,15,,13.2,0
"Bamboo shoot(Canned, immersed, heated, drained)",100克,14,0.8,1.3,0,2.8,0.8,0,NA,0,10,,17.4,31
Bamboo flour,100克,348,0.1,84.5,0.2,0.9,0,0,NA,0,2,,13.8,9
"Corn soup(Canned, heated)",100克,88,2,16.6,0.7,3.4,5.1,0.1,NA,0,310,,5.7,47
Corn starch,100克,366,0.4,89.2,0.1,0.3,0.8,0,NA,0,9,,17.4,13
Vegetarian sausage(Uncooked),100克,203,14.8,27.3,3,3.1,3.8,0.3,NA,0,600,,6.2,31
Red broccoli,100克,30,2.2,2.7,0.3,3.4,2.7,NA,NA,0,16,,17.1,27
Red broccoli(Drain),100克,31,2.3,2.8,0.3,3.5,2.8,NA,NA,0,16,,6.9,47
"Red broccoli(Canned, heated, drained)",100克,41,1.4,6.7,0.2,3.8,6.2,0,NA,0,360,,7.9,22
Red Pepper,100克,26,1.5,3.5,0.2,1.8,3.5,0,NA,0,2,,3.5,32
Red Pepper(Fry),100克,29,1.7,3.9,0.2,2,3.9,0,NA,0,2,,7.3,28
Red potato(Peeling),100克,59,2.3,11,0,1.8,1.6,NA,NA,0,5,,17.9,43
"Red potato(Peel, pill)",100克,61,2.4,11.2,0,1.8,1.7,NA,NA,0,5,,2.7,3
"Red potato(Peel, bake)",100克,90,3.5,16.6,0,2.7,2.5,NA,NA,0,8,,13.6,21
Red potato mash(Peeling),100克,100,2.5,9.4,5.4,1.4,2.2,3.5,NA,16,48,,6.4,30
Carrot white(Peeling),100克,15,0.8,1.9,0.2,1.1,1.9,NA,NA,0,20,,2.8,1
Red onion(Peeling),100克,25,1.6,3.2,0.2,1.9,3.2,0,NA,0,54,,10.8,19
"Red onion(Peel, fry)",100克,40,2.5,5.2,0.2,3.1,5.2,0,NA,0,87,,9.1,4
Red pepper,100克,48,1.4,4.2,0.4,10.6,4.2,NA,NA,0,3,,4.3,48
Red pepper(Fry),100克,54,1.6,4.7,0.4,11.8,4.7,NA,NA,0,3,,1.7,29
Shallots,100克,29,1.5,2.6,0.3,4.7,2.6,NA,NA,0,7,,15.1,17
Green gourd,100克,15,0.8,1.6,0.3,1.2,1.6,NA,NA,0,1,,14,1
Green gourd(Fry),100克,21,1.2,2.2,0.4,1.7,2.2,NA,NA,0,1,,2.4,22
Green gourd(Poke),100克,18,1,1.9,0.3,1.4,1.9,NA,NA,0,1,,15.3,14
Pickled cucumber(Drain),100克,106,0.4,24.4,0.3,1,23.6,0,NA,0,520,,3,49
Pickled onion(Drain),100克,63,0.5,13,0.2,1.5,12.3,0,NA,0,790,,1.2,7
Pickled mustard(Sweet),100克,84,0.8,17.5,0.5,1.4,14.7,0,NA,0,620,,19.7,40
Melon,100克,15,0.7,2,0,2.1,1.7,0,NA,0,2,,12.8,12
Taro(Peeling),100克,113,1.9,23.4,0.2,3.5,1.1,0,NA,0,6,,12.6,39
"Taro(Peel, pill)",100克,121,2,25.2,0.2,3.8,1.2,0,NA,0,6,,3.5,15
Cauliflower with cheese sauce(Poke),100克,123,5.7,4.3,8.9,1.4,2.7,5.7,NA,26,141,,2,42
Herba Murdanniae Divergentis(Peeling),100克,39,3.7,4.2,0.1,3.3,4.2,0,NA,0,16,,7.5,0
"Herba Murdanniae Divergentis(Peeling, pouring, draining)",100克,41,3.9,4.4,0.1,3.4,4.4,0,NA,0,16,,3.1,3
Asparagus,100克,22,2.5,1.4,0.1,2.3,1.4,0,NA,0,2,,15.8,18
Asparagus(Poke),100克,26,2.9,1.6,0.1,2.7,1.6,0,NA,0,2,,16,26
"Asparagus(Canned, immersed in salt water, drained)",100克,25,1.9,1.5,0.1,3.9,1.5,0,NA,0,240,,18.3,3
Coriander leaves and stems(Fresh),100克,40,3.1,3.7,0.7,3.5,2.5,NA,NA,0,28,,8.7,28
Alfalfa bud,100克,22,3.2,0.5,0.3,2.2,0.5,NA,NA,0,39,,19.2,1
Bitter melon,100克,12,0.9,0.2,0,3.3,0.1,0,NA,0,3,,19.3,47
Herba Cichorii,100克,14,1.5,0.4,0.2,2.2,0.3,0,NA,0,76,,8.3,29
Eggplant,100克,22,1,2.4,0.3,2.5,2.4,NA,NA,0,5,,0.3,42
Eggplant(Poke),100克,23,1.1,2.6,0.3,2.7,2.6,NA,NA,0,5,,5.7,34
Eggplant(Baking),100克,36,1.7,4.1,0.5,4.1,4.1,NA,NA,0,8,,14.3,44
Eggplant(Bake),100克,25,1.2,2.9,0.3,2.9,2.9,NA,NA,0,6,,1.4,14
Anise,100克,23,1,3.3,0.1,1.8,3.3,0,NA,0,38,,6.1,17
Anise(Drain),100克,26,1.2,3.9,0.1,2.1,3.9,0,NA,0,42,,19.2,24
"Straw mushroom(Asian varieties, canned, immersed in salt water, drained)",100克,22,3.1,0,0.3,3,0,NA,NA,0,240,,0.5,48
Jerusalem artichoke(Peeling),100克,28,2.1,10.5,0.1,3,2.7,0,NA,0,5,,8.4,33
Jerusalem artichoke(Poke),100克,31,2.3,11.3,0.1,3.2,2.9,0,NA,0,5,,10.4,26
Chicory,100克,17,1.8,0.8,0.2,1.8,0.7,0,NA,0,36,,9.9,31
Chicory(Drain),100克,19,2.1,0.9,0.2,2.1,0.8,0,NA,0,40,,4.6,44
Vegetable heart,100克,17,1.3,0.9,0.3,2.8,0.8,NA,NA,0,13,,18.7,29
Spinach,100克,17,2.6,0.7,0.3,NA,0.7,NA,NA,0,23,,17,9
Spinach(Poke),100克,20,3.1,0.8,0.4,NA,0.8,NA,NA,0,26,,2.2,11
"Spinach(Snow hiding, pouring, draining)",100克,33,3.5,0.7,0.5,5.5,0.5,0,NA,0,100,,3.5,4
Onion,100克,31,1.7,4.6,0.2,1.9,4.5,0,NA,0,13,,0.9,37
Onion(Fry),100克,49,2.7,7.4,0.3,3.1,7.3,0,NA,0,21,,13.3,40
Garlic(Peeling),100克,125,6.1,10.2,2.8,16.9,1.5,0.8,NA,0,8,,18.7,34
Garlic(Peel and fry),100克,202,9.8,16.5,4.5,27.3,2.4,1.3,NA,0,13,,5.8,11
"Brown onion(Peel, fry)",100克,49,2.8,7.5,0.2,3.4,7.5,0,NA,0,17,,10.9,43
Broccoli,100克,30,4.4,0.4,0.3,3.6,0.4,NA,NA,0,22,,2.1,50
Broccoli(Poke),100克,31,4.6,0.4,0.3,3.8,0.4,NA,NA,0,22,,9,34
"Broccoli(Snow hiding, pouring, draining)",100克,30,2.7,2,0.3,4.1,1.4,0,NA,0,19,,4.9,26
American food,100克,27,2.9,0.8,0.4,3.8,0.7,NA,NA,0,48,,18.2,42
Tomato,100克,18,1,2.4,0.1,1.2,2.3,0,NA,0,8,,18.8,24
"Tomato(Whole, canned, tomato juice soaked)",100克,17,0.7,2.9,0.1,NA,2.9,0,NA,0,68,,0.9,2
"Tomato(Whole, canned, tomato juice soaked, heated, drained)",100克,23,0.9,3.5,0.1,1.4,3.4,0,NA,0,69,,19.8,44
"Tomato(Whole, canned, tomato juice soaked, drained)",100克,22,0.8,3,0.3,1.3,3,NA,NA,0,86,,14.8,22
"Tomato(Whole, canned, tomato juice soaked, ripe)",100克,20,0.8,3.3,0.3,NA,3.3,0,NA,0,67,,10.9,39
Tomato(Dry in the sun),100克,264,11.2,35.2,4.6,14.7,33.9,NA,NA,0,73,,14.4,38
Tomato(Watering),100克,15,0.7,2.3,0,0.7,2.3,0,NA,0,3,,2.5,40
Tomato(Ripe),100克,18,0.9,2.3,0.1,1.4,2.3,0,NA,0,98,,8.4,17
Tomato paste(Added salt),100克,60,3.1,10.4,0.3,NA,9.9,0,NA,0,630,,16.3,33
Celery,100克,16,0.6,1.2,0.1,1.5,1.2,0,NA,0,97,,13.4,14
Celery(Fry),100克,19,0.8,1.5,0.1,1.8,1.5,0,NA,0,119,,2.6,24
Bean sprout,100克,21,2.7,1.4,0.1,1.6,0.9,0,NA,0,1,,19.8,25
Herba Centipedae,100克,16,0.5,2.2,0.1,1.7,2.2,0,NA,0,10,,19.1,10
Mini carrot(Peeling),100克,33,0.7,5.5,0.1,3.3,5.5,0,NA,0,51,,19.5,19
"Mini carrot(Peel, pill)",100克,35,0.8,5.9,0.1,3.5,5.9,0,NA,0,52,,19.3,11
"Mini carrot(Canned, immersed in salt water, heated, drained)",100克,26,0.6,4.2,0.1,3,4,0,NA,0,320,,11.8,19
Herb,100克,27,2.9,1,0.5,2.8,0.5,0,NA,0,25,,0.2,12
Golden gourd(Peeling),100克,30,2.2,4,0.3,1.1,2.6,NA,NA,0,1,,8.7,48
"Golden gourd(Peel, bake)",100克,35,2.6,4.7,0.4,1.3,3.1,NA,NA,0,1,,12.3,39
"Golden mushroom(Asian varieties, canned, immersed in salt water, drained)",100克,23,2.1,0.5,0.5,3.7,0.5,NA,NA,0,300,,6.1,3
Button melon,100克,26,2.7,3.2,0.2,NA,2.9,0,NA,0,1,,20,23
Button melon(Poke),100克,31,3.2,3.8,0.2,NA,3.5,0,NA,0,1,,14.6,19
Silver Sugar Vegetable,100克,17,1.6,1.1,0.2,1.9,1.1,0,NA,0,212,,17.5,22
Silver Sugar Vegetable(Poke),100克,20,1.9,1.3,0.3,2.3,1.3,0,NA,0,237,,3.6,38
Long leaf lettuce,100克,20,1.4,1.8,0.3,1.8,1.8,NA,NA,0,18,,13.4,42
"Green olive(Spanish pepper stuffing, drained)",100克,93,0.8,1.8,8.3,3,0,1.2,NA,0,2070,,15.3,36
Green or black olives(Drain),100克,212,2.1,2.6,20.4,3.3,0,2.6,NA,0,1472,,8.1,32
Green pepper,100克,23,1.6,2.5,0.1,2.4,2.5,0,NA,0,2,,11.4,39
Green pepper(Fry),100克,25,1.8,2.8,0.1,2.7,2.8,0,NA,0,2,,17,25
Cucumber(Peeling),100克,12,0.4,2.1,0.1,0.6,2.1,0,NA,0,21,,,
Cucumber(Peeling),100克,12,0.8,1.2,0.1,1.4,1.2,0,NA,0,10,,,
Cucumber(Lebanese breed),100克,13,0.4,1.9,0.1,1,1.9,0,NA,0,19,,,
Green chili,100克,44,2.8,1,0.3,12.9,1,NA,NA,0,4,,,
Green chili(Fry),100克,49,3.1,1.1,0.3,14.3,1.1,NA,NA,0,4,,,
Leek,100克,30,1.9,3.3,0.4,3.2,3.3,NA,NA,0,15,,,
"Potato(No additional fat, peeled)",100克,72,2.1,13.5,0.4,2.3,0,0,NA,0,34,,,
Potato starch,100克,319,0,74.5,0.5,5.9,0,0,NA,0,9,,,
Cassava with yellow heart(Peeling),100克,128,1.6,26.7,0.2,4.7,1.2,0,NA,0,2,,,
"Cassava with yellow heart(Peel, pill)",100克,137,1.7,28.7,0.2,5.1,1.3,0,NA,0,2,,,
Sweet potato with yellow heart(Peeling),100克,66,1.9,14.1,0.1,NA,5.6,0,NA,0,10,,,
"Sweet potato with yellow heart(Peel, pill)",100克,71,2,15.2,0.1,NA,6,0,NA,0,10,,,
Sweet potato with yellow heart(Bake),100克,80,2.3,17.2,0.1,NA,6.8,0,NA,0,12,,,
Golden jade melon,100克,19,2.2,1.1,0.3,1,1.1,NA,NA,0,1,,,
Golden jade melon(Drain),100克,23,2.6,1.3,0.4,1.2,1.3,NA,NA,0,1,,,
Red pepper,100克,75,3,10.6,2.3,2.1,NA,NA,NA,0,10,,,
Pickled garlic,100克,50,1.7,10.5,0.1,NA,NA,NA,NA,0,NA,,,
Green chili,100克,55,2.1,9.7,0.9,1.8,NA,NA,NA,0,9,,,
